Species,TreeName,Year,Date,CollectorName,Lat,Long
A_digitata,Maoulida1,2011,NA,Jean-Michel,-11.39703,43.2802833333333
A_digitata,Maoulida10,2011,NA,Jean-Michel,-11.3834833333333,43.3047333333333
A_digitata,Maoulida100,2011,NA,Jean-Michel,-12.39151,43.7050666666667
A_digitata,Maoulida101,2011,NA,Jean-Michel,-12.39153,43.7051
A_digitata,Maoulida102,2011,NA,Jean-Michel,-12.39153,43.7051
A_digitata,Maoulida103,2011,NA,Jean-Michel,-12.39153,43.7050833333333
A_digitata,Maoulida104,2011,NA,Jean-Michel,-12.39153,43.7051
A_digitata,Maoulida105,2011,NA,Jean-Michel,-12.39156,43.7050833333333
A_digitata,Maoulida106,2011,NA,Jean-Michel,-12.39156,43.7051
A_digitata,Maoulida107,2011,NA,Jean-Michel,-12.39156,43.7051
A_digitata,Maoulida108,2011,NA,Jean-Michel,-12.39165,43.70495
A_digitata,Maoulida109,2011,NA,Jean-Michel,-12.39165,43.70495
A_digitata,Maoulida11,2011,NA,Jean-Michel,-11.38415,43.30565
A_digitata,Maoulida110,2011,NA,Jean-Michel,-12.39165,43.70515
A_digitata,Maoulida111,2011,NA,Jean-Michel,-12.3916,43.7051666666667
A_digitata,Maoulida112,2011,NA,Jean-Michel,-12.3916166666667,43.7052166666667
A_digitata,Maoulida113,2011,NA,Jean-Michel,-12.39195,43.7055333333333
A_digitata,Maoulida114,2011,NA,Jean-Michel,-12.3922,43.7058666666667
A_digitata,Maoulida115,2011,NA,Jean-Michel,-12.3920833333333,43.7059833333333
A_digitata,Maoulida116,2011,NA,Jean-Michel,-12.39315,43.7087166666667
A_digitata,Maoulida117,2011,NA,Jean-Michel,-12.3601333333333,43.7547666666667
A_digitata,Maoulida118,2011,NA,Jean-Michel,-12.3143,43.78555
A_digitata,Maoulida119,2011,NA,Jean-Michel,-12.2873666666667,43.74315
A_digitata,Maoulida12,2011,NA,Jean-Michel,-11.3842833333333,43.3067166666667
A_digitata,Maoulida120,2011,NA,Jean-Michel,-12.2873666666667,43.74315
A_digitata,Maoulida121,2011,NA,Jean-Michel,-12.2586333333333,43.6767166666667
A_digitata,Maoulida122,2011,NA,Jean-Michel,-12.2554666666667,43.6472166666667
A_digitata,Maoulida123,2011,NA,Jean-Michel,-12.2583666666667,43.6411666666667
A_digitata,Maoulida124,2011,NA,Jean-Michel,-12.2581,43.6405166666667
A_digitata,Maoulida125,2011,NA,Jean-Michel,-12.2579666666667,43.6406333333333
A_digitata,Maoulida126,2011,NA,Jean-Michel,-12.2613166666667,43.6869666666667
A_digitata,Maoulida127,2011,NA,Jean-Michel,-12.2613166666667,43.6869333333333
A_digitata,Maoulida128,2011,NA,Jean-Michel,-12.2610333333333,43.6867833333333
A_digitata,Maoulida129,2011,NA,Jean-Michel,-12.2610333333333,43.6869833333333
A_digitata,Maoulida13,2011,NA,Jean-Michel,-11.3833,43.3065833333333
A_digitata,Maoulida130,2011,NA,Jean-Michel,-12.2609,43.6871333333333
A_digitata,Maoulida131,2011,NA,Jean-Michel,-12.2611333333333,43.6878166666667
A_digitata,Maoulida132,2011,NA,Jean-Michel,-12.26115,43.6878166666667
A_digitata,Maoulida133,2011,NA,Jean-Michel,-12.2611,43.6878666666667
A_digitata,Maoulida134,2011,NA,Jean-Michel,-12.26123,43.68805
A_digitata,Maoulida135,2011,NA,Jean-Michel,-12.26123,43.6884166666667
A_digitata,Maoulida136,2011,NA,Jean-Michel,-12.2613,43.6884333333333
A_digitata,Maoulida137,2011,NA,Jean-Michel,-12.2613333333333,43.68845
A_digitata,Maoulida138,2011,NA,Jean-Michel,-12.26135,43.6884
A_digitata,Maoulida139,2011,NA,Jean-Michel,-12.2613666666667,43.6883666666667
A_digitata,Maoulida14,2011,NA,Jean-Michel,-11.3824,43.3072833333333
A_digitata,Maoulida140,2011,NA,Jean-Michel,-12.2613833333333,43.6884666666667
A_digitata,Maoulida141,2011,NA,Jean-Michel,-12.2612833333333,43.68885
A_digitata,Maoulida142,2011,NA,Jean-Michel,-12.2612666666667,43.6890166666667
A_digitata,Maoulida143,2011,NA,Jean-Michel,-12.2628333333333,43.6979833333333
A_digitata,Maoulida144,2011,NA,Jean-Michel,-12.2679333333333,43.7032666666667
A_digitata,Maoulida145,2011,NA,Jean-Michel,-12.2691333333333,43.7050333333333
A_digitata,Maoulida146,2011,NA,Jean-Michel,-12.2689666666667,43.70545
A_digitata,Maoulida147,2011,NA,Jean-Michel,-12.2688833333333,43.7063833333333
A_digitata,Maoulida148,2011,NA,Jean-Michel,-12.2691333333333,43.7076
A_digitata,Maoulida149,2011,NA,Jean-Michel,-12.2699833333333,43.7106666666667
A_digitata,Maoulida15,2011,NA,Jean-Michel,-11.3828666666667,43.3078333333333
A_digitata,Maoulida150,2011,NA,Jean-Michel,-12.2701833333333,43.711
A_digitata,Maoulida151,2011,NA,Jean-Michel,-12.2710833333333,43.71135
A_digitata,Maoulida152,2011,NA,Jean-Michel,-12.2707666666667,43.7118
A_digitata,Maoulida153,2011,NA,Jean-Michel,-12.27223,43.7148166666667
A_digitata,Maoulida154,2011,NA,Jean-Michel,-12.2737166666667,43.7207
A_digitata,Maoulida155,2011,NA,Jean-Michel,-12.273,43.7222833333333
A_digitata,Maoulida156,2011,NA,Jean-Michel,-12.2730666666667,43.7236166666667
A_digitata,Maoulida157,2011,NA,Jean-Michel,-12.2730833333333,43.7236166666667
A_digitata,Maoulida158,2011,NA,Jean-Michel,-12.2730333333333,43.72395
A_digitata,Maoulida159,2011,NA,Jean-Michel,-12.27315,43.7240166666667
A_digitata,Maoulida16,2011,NA,Jean-Michel,-11.3849,43.3074
A_digitata,Maoulida160,2011,NA,Jean-Michel,-12.2733,43.7241666666667
A_digitata,Maoulida161,2011,NA,Jean-Michel,-12.2731833333333,43.72435
A_digitata,Maoulida162,2011,NA,Jean-Michel,-12.2731833333333,43.7244
A_digitata,Maoulida163,2011,NA,Jean-Michel,-12.2732833333333,43.72485
A_digitata,Maoulida164,2011,NA,Jean-Michel,-12.27335,43.7250666666667
A_digitata,Maoulida165,2011,NA,Jean-Michel,-12.31495,43.7849666666667
A_digitata,Maoulida166,2011,NA,Jean-Michel,-12.3149333333333,43.7850333333333
A_digitata,Maoulida167,2011,NA,Jean-Michel,-12.31475,43.78505
A_digitata,Maoulida168,2011,NA,Jean-Michel,-12.3133666666667,43.7848666666667
A_digitata,Maoulida169,2011,NA,Jean-Michel,-12.3133166666667,43.7849666666667
A_digitata,Maoulida17,2011,NA,Jean-Michel,-11.38455,43.3076833333333
A_digitata,Maoulida170,2011,NA,Jean-Michel,-12.31325,43.7851
A_digitata,Maoulida171,2011,NA,Jean-Michel,-12.3128666666667,43.7851333333333
A_digitata,Maoulida172,2011,NA,Jean-Michel,-12.3122666666667,43.7842
A_digitata,Maoulida173,2011,NA,Jean-Michel,-12.3123,43.7841333333333
A_digitata,Maoulida174,2011,NA,Jean-Michel,-12.3120333333333,43.7843666666667
A_digitata,Maoulida175,2011,NA,Jean-Michel,-12.31105,43.7850666666667
A_digitata,Maoulida176,2011,NA,Jean-Michel,-12.30595,43.77955
A_digitata,Maoulida177,2011,NA,Jean-Michel,-12.3067666666667,43.77835
A_digitata,Maoulida178,2011,NA,Jean-Michel,-12.3061166666667,43.7767833333333
A_digitata,Maoulida179,2011,NA,Jean-Michel,-12.30645,43.7762333333333
A_digitata,Maoulida18,2011,NA,Jean-Michel,-11.3816333333333,43.3141
A_digitata,Maoulida180,2011,NA,Jean-Michel,-12.2998666666667,43.7650166666667
A_digitata,Maoulida181,2011,NA,Jean-Michel,-12.2986833333333,43.7640833333333
A_digitata,Maoulida182,2011,NA,Jean-Michel,-12.29835,43.7639666666667
A_digitata,Maoulida183,2011,NA,Jean-Michel,-12.29825,43.7638666666667
A_digitata,Maoulida184,2011,NA,Jean-Michel,-12.2972,43.7625
A_digitata,Maoulida185,2011,NA,Jean-Michel,-12.2839666666667,43.74475
A_digitata,Maoulida186,2011,NA,Jean-Michel,-12.2849166666667,43.7453666666667
A_digitata,Maoulida187,2011,NA,Jean-Michel,-12.2855166666667,43.74555
A_digitata,Maoulida188,2011,NA,Jean-Michel,-12.28445,43.7458333333333
A_digitata,Maoulida189,2011,NA,Jean-Michel,-12.2848166666667,43.7466666666667
A_digitata,Maoulida19,2011,NA,Jean-Michel,-11.37995,43.31515
A_digitata,Maoulida190,2011,NA,Jean-Michel,-12.2850166666667,43.7468333333333
A_digitata,Maoulida191,2011,NA,Jean-Michel,-12.2868166666667,43.74985
A_digitata,Maoulida192,2011,NA,Jean-Michel,-12.2875333333333,43.7504166666667
A_digitata,Maoulida193,2011,NA,Jean-Michel,-12.2883,43.7509
A_digitata,Maoulida194,2011,NA,Jean-Michel,-12.2921833333333,43.7540666666667
A_digitata,Maoulida195,2011,NA,Jean-Michel,-12.29315,43.75445
A_digitata,Maoulida196,2011,NA,Jean-Michel,-12.2924666666667,43.7542833333333
A_digitata,Maoulida197,2011,NA,Jean-Michel,-12.2921833333333,43.7511833333333
A_digitata,Maoulida198,2011,NA,Jean-Michel,-12.2913,43.7484
A_digitata,Maoulida199,2011,NA,Jean-Michel,-12.29346,43.7492166666667
A_digitata,Maoulida2,2011,NA,Jean-Michel,-11.3823666666667,43.3253
A_digitata,Maoulida20,2011,NA,Jean-Michel,-11.3799166666667,43.31515
A_digitata,Maoulida200,2011,NA,Jean-Michel,-11.3933833333333,43.2983833333333
A_digitata,Maoulida201,2011,NA,Jean-Michel,-11.3947666666667,43.29845
A_digitata,Maoulida202,2011,NA,Jean-Michel,-11.3946833333333,43.299
A_digitata,Maoulida203,2011,NA,Jean-Michel,-11.39485,43.2991333333333
A_digitata,Maoulida204,2011,NA,Jean-Michel,-11.3969333333333,43.3001166666667
A_digitata,Maoulida205,2011,NA,Jean-Michel,-11.39705,43.3021333333333
A_digitata,Maoulida206,2011,NA,Jean-Michel,-11.3980166666667,43.2996166666667
A_digitata,Maoulida207,2011,NA,Jean-Michel,-11.4021666666667,43.3024
A_digitata,Maoulida208,2011,NA,Jean-Michel,-11.4026166666667,43.30205
A_digitata,Maoulida209,2011,NA,Jean-Michel,-11.4023,43.3019166666667
A_digitata,Maoulida21,2011,NA,Jean-Michel,-11.37965,43.3150833333333
A_digitata,Maoulida210,2011,NA,Jean-Michel,-11.4018166666667,43.3045666666667
A_digitata,Maoulida211,2011,NA,Jean-Michel,-11.40643,43.31015
A_digitata,Maoulida212,2011,NA,Jean-Michel,-11.4060166666667,43.3113166666667
A_digitata,Maoulida213,2011,NA,Jean-Michel,-11.4060333333333,43.3113
A_digitata,Maoulida214,2011,NA,Jean-Michel,-11.4056833333333,43.3164833333333
A_digitata,Maoulida215,2011,NA,Jean-Michel,-11.40433,43.3251
A_digitata,Maoulida216,2011,NA,Jean-Michel,-11.3874333333333,43.3427833333333
A_digitata,Maoulida217,2011,NA,Jean-Michel,-11.3871333333333,43.3423
A_digitata,Maoulida218,2011,NA,Jean-Michel,-11.3857,43.3418666666667
A_digitata,Maoulida219,2011,NA,Jean-Michel,-11.3833,43.3416
A_digitata,Maoulida22,2011,NA,Jean-Michel,-11.3793333333333,43.3150666666667
A_digitata,Maoulida220,2011,NA,Jean-Michel,-11.3826166666667,43.34095
A_digitata,Maoulida221,2011,NA,Jean-Michel,-11.3804166666667,43.3398833333333
A_digitata,Maoulida222,2011,NA,Jean-Michel,-11.37943,43.33985
A_digitata,Maoulida223,2011,NA,Jean-Michel,-11.3791666666667,43.3399333333333
A_digitata,Maoulida224,2011,NA,Jean-Michel,-11.3783333333333,43.3389166666667
A_digitata,Maoulida225,2011,NA,Jean-Michel,-11.3783666666667,43.3387666666667
A_digitata,Maoulida226,2011,NA,Jean-Michel,-11.37825,43.3386833333333
A_digitata,Maoulida227,2011,NA,Jean-Michel,-11.3781666666667,43.3384833333333
A_digitata,Maoulida228,2011,NA,Jean-Michel,-11.56715,43.2862
A_digitata,Maoulida229,2011,NA,Jean-Michel,-11.5651833333333,43.2874833333333
A_digitata,Maoulida23,2011,NA,Jean-Michel,-11.3791666666667,43.31525
A_digitata,Maoulida230,2011,NA,Jean-Michel,-11.4686,43.3885166666667
A_digitata,Maoulida231,2011,NA,Jean-Michel,-11.83625,43.3267
A_digitata,Maoulida232,2011,NA,Jean-Michel,-11.8357833333333,43.3256333333333
A_digitata,Maoulida233,2011,NA,Jean-Michel,-11.8359833333333,43.32625
A_digitata,Maoulida234,2011,NA,Jean-Michel,-11.83475,43.3276333333333
A_digitata,Maoulida235,2011,NA,Jean-Michel,-11.8285166666667,43.32965
A_digitata,Maoulida236,2011,NA,Jean-Michel,-11.8271166666667,43.33065
A_digitata,Maoulida237,2011,NA,Jean-Michel,-11.38043,43.3404
A_digitata,Maoulida238,2011,NA,Jean-Michel,-11.3806166666667,43.3400666666667
A_digitata,Maoulida239,2011,NA,Jean-Michel,-11.3834666666667,43.3366333333333
A_digitata,Maoulida24,2011,NA,Jean-Michel,-11.3842333333333,43.3152833333333
A_digitata,Maoulida240,2011,NA,Jean-Michel,-11.38165,43.3358666666667
A_digitata,Maoulida241,2011,NA,Jean-Michel,-11.3810166666667,43.3361
A_digitata,Maoulida242,2011,NA,Jean-Michel,-11.3805833333333,43.3367833333333
A_digitata,Maoulida243,2011,NA,Jean-Michel,-11.3805,43.33695
A_digitata,Maoulida244,2011,NA,Jean-Michel,-11.3792,43.33815
A_digitata,Maoulida245,2011,NA,Jean-Michel,-11.3791166666667,43.3386166666667
A_digitata,Maoulida246,2011,NA,Jean-Michel,-11.42333,43.28695
A_digitata,Maoulida247,2011,NA,Jean-Michel,-11.4241833333333,43.2828
A_digitata,Maoulida248,2011,NA,Jean-Michel,-11.42433,43.2823166666667
A_digitata,Maoulida249,2011,NA,Jean-Michel,-11.4247,43.2814
A_digitata,Maoulida25,2011,NA,Jean-Michel,-11.3845333333333,43.3143333333333
A_digitata,Maoulida250,2011,NA,Jean-Michel,-11.428,43.2782
A_digitata,Maoulida251,2011,NA,Jean-Michel,-11.4277666666667,43.2779333333333
A_digitata,Maoulida252,2011,NA,Jean-Michel,-11.4279833333333,43.27765
A_digitata,Maoulida253,2011,NA,Jean-Michel,-11.428,43.2776166666667
A_digitata,Maoulida254,2011,NA,Jean-Michel,-11.42815,43.27725
A_digitata,Maoulida255,2011,NA,Jean-Michel,-11.4280333333333,43.2767666666667
A_digitata,Maoulida256,2011,NA,Jean-Michel,-11.4281666666667,43.2764166666667
A_digitata,Maoulida257,2011,NA,Jean-Michel,-11.4283833333333,43.2762833333333
A_digitata,Maoulida258,2011,NA,Jean-Michel,-11.4282666666667,43.27585
A_digitata,Maoulida259,2011,NA,Jean-Michel,-11.42805,43.2757
A_digitata,Maoulida26,2011,NA,Jean-Michel,-12.1939333333333,44.5175666666667
A_digitata,Maoulida260,2011,NA,Jean-Michel,-11.4283,43.2768
A_digitata,Maoulida261,2011,NA,Jean-Michel,-11.42905,43.2769833333333
A_digitata,Maoulida262,2011,NA,Jean-Michel,-11.42925,43.2773833333333
A_digitata,Maoulida263,2011,NA,Jean-Michel,-11.42905,43.2776833333333
A_digitata,Maoulida264,2011,NA,Jean-Michel,-11.4290833333333,43.2778833333333
A_digitata,Maoulida265,2011,NA,Jean-Michel,-11.4290333333333,43.27795
A_digitata,Maoulida266,2011,NA,Jean-Michel,-11.4289333333333,43.2780333333333
A_digitata,Maoulida267,2011,NA,Jean-Michel,-11.4289666666667,43.2781333333333
A_digitata,Maoulida268,2011,NA,Jean-Michel,-11.3817,43.3208833333333
A_digitata,Maoulida269,2011,NA,Jean-Michel,-11.3829833333333,43.3205333333333
A_digitata,Maoulida27,2011,NA,Jean-Michel,-12.18015,44.5107333333333
A_digitata,Maoulida270,2011,NA,Jean-Michel,-11.3833,43.3225
A_digitata,Maoulida271,2011,NA,Jean-Michel,-11.3839333333333,43.3249666666667
A_digitata,Maoulida272,2011,NA,Jean-Michel,-11.385,43.32575
A_digitata,Maoulida273,2011,NA,Jean-Michel,-11.3849833333333,43.32575
A_digitata,Maoulida274,2011,NA,Jean-Michel,-11.3848333333333,43.3261833333333
A_digitata,Maoulida275,2011,NA,Jean-Michel,-11.3838,43.3261
A_digitata,Maoulida276,2011,NA,Jean-Michel,-11.3825833333333,43.3264
A_digitata,Maoulida277,2011,NA,Jean-Michel,-11.38255,43.3266333333333
A_digitata,Maoulida278,2011,NA,Jean-Michel,-11.3820333333333,43.3263333333333
A_digitata,Maoulida279,2011,NA,Jean-Michel,-11.3815333333333,43.3262166666667
A_digitata,Maoulida28,2011,NA,Jean-Michel,-12.1796166666667,44.5117833333333
A_digitata,Maoulida280,2011,NA,Jean-Michel,-12.2806166666667,44.5237333333333
A_digitata,Maoulida281,2011,NA,Jean-Michel,-12.2802333333333,44.5244833333333
A_digitata,Maoulida282,2011,NA,Jean-Michel,-12.27975,44.5226666666667
A_digitata,Maoulida283,2011,NA,Jean-Michel,-12.2893,43.7426833333333
A_digitata,Maoulida284,2011,NA,Jean-Michel,-12.2893,43.7426833333333
A_digitata,Maoulida285,2011,NA,Jean-Michel,-12.2893,43.7426833333333
A_digitata,Maoulida286,2011,NA,Jean-Michel,-12.2893,43.7426833333333
A_digitata,Maoulida287,2011,NA,Jean-Michel,-12.2893,43.7427
A_digitata,Maoulida288,2011,NA,Jean-Michel,-12.2893,43.7426833333333
A_digitata,Maoulida289,2011,NA,Jean-Michel,-12.2825,43.7434
A_digitata,Maoulida29,2011,NA,Jean-Michel,-12.17645,44.5065333333333
A_digitata,Maoulida290,2011,NA,Jean-Michel,-12.2825,43.7434
A_digitata,Maoulida291,2011,NA,Jean-Michel,-12.2825166666667,43.7434
A_digitata,Maoulida292,2011,NA,Jean-Michel,-12.2825166666667,43.7434
A_digitata,Maoulida293,2011,NA,Jean-Michel,-12.2825166666667,43.7434
A_digitata,Maoulida294,2011,NA,Jean-Michel,-12.2759666666667,43.7339666666667
A_digitata,Maoulida295,2011,NA,Jean-Michel,-12.2770166666667,43.731
A_digitata,Maoulida296,2011,NA,Jean-Michel,-12.2771333333333,43.7309166666667
A_digitata,Maoulida297,2011,NA,Jean-Michel,-12.2771166666667,43.7309166666667
A_digitata,Maoulida298,2011,NA,Jean-Michel,-12.2771333333333,43.7309333333333
A_digitata,Maoulida299,2011,NA,Jean-Michel,-12.2771,43.7309833333333
A_digitata,Maoulida3,2011,NA,Jean-Michel,-11.38305,43.3190333333333
A_digitata,Maoulida30,2011,NA,Jean-Michel,-12.1765666666667,44.5065333333333
A_digitata,Maoulida300,2011,NA,Jean-Michel,-12.3856666666667,43.8603666666667
A_digitata,Maoulida301,2011,NA,Jean-Michel,-12.3694,43.7181
A_digitata,Maoulida302,2011,NA,Jean-Michel,-12.36985,43.7188333333333
A_digitata,Maoulida303,2011,NA,Jean-Michel,-12.36985,43.7189166666667
A_digitata,Maoulida304,2011,NA,Jean-Michel,-12.3699166666667,43.71895
A_digitata,Maoulida305,2011,NA,Jean-Michel,-12.3699333333333,43.719
A_digitata,Maoulida306,2011,NA,Jean-Michel,-12.3695166666667,43.7239333333333
A_digitata,Maoulida307,2011,NA,Jean-Michel,-12.2906666666667,43.7408
A_digitata,Maoulida308,2011,NA,Jean-Michel,-12.2906666666667,43.7408166666667
A_digitata,Maoulida309,2011,NA,Jean-Michel,-12.2907,43.7407833333333
A_digitata,Maoulida31,2011,NA,Jean-Michel,-12.1766333333333,44.5063833333333
A_digitata,Maoulida310,2011,NA,Jean-Michel,-12.2907833333333,43.7408333333333
A_digitata,Maoulida311,2011,NA,Jean-Michel,-12.2907333333333,43.7408333333333
A_digitata,Maoulida312,2011,NA,Jean-Michel,-12.2914666666667,43.7399833333333
A_digitata,Maoulida313,2011,NA,Jean-Michel,-12.2920666666667,43.74115
A_digitata,Maoulida314,2011,NA,Jean-Michel,-12.2925333333333,43.74195
A_digitata,Maoulida315,2011,NA,Jean-Michel,-12.2925333333333,43.7425666666667
A_digitata,Maoulida316,2011,NA,Jean-Michel,-12.2933333333333,43.74415
A_digitata,Maoulida317,2011,NA,Jean-Michel,-12.2930333333333,43.7463333333333
A_digitata,Maoulida318,2011,NA,Jean-Michel,-12.2933666666667,43.7463666666667
A_digitata,Maoulida319,2011,NA,Jean-Michel,-12.29345,43.7492333333333
A_digitata,Maoulida32,2011,NA,Jean-Michel,-12.15855,44.4988666666667
A_digitata,Maoulida320,2011,NA,Jean-Michel,-12.2944333333333,43.7487666666667
A_digitata,Maoulida321,2011,NA,Jean-Michel,-12.29395,43.7479833333333
A_digitata,Maoulida322,2011,NA,Jean-Michel,-12.2938333333333,43.7476666666667
A_digitata,Maoulida323,2011,NA,Jean-Michel,-12.2914333333333,43.7484666666667
A_digitata,Maoulida324,2011,NA,Jean-Michel,-12.2883333333333,43.7509166666667
A_digitata,Maoulida325,2011,NA,Jean-Michel,-12.2874166666667,43.7503833333333
A_digitata,Maoulida326,2011,NA,Jean-Michel,-12.2867333333333,43.74985
A_digitata,Maoulida327,2011,NA,Jean-Michel,-12.2850333333333,43.7469166666667
A_digitata,Maoulida328,2011,NA,Jean-Michel,-12.2848,43.7466833333333
A_digitata,Maoulida329,2011,NA,Jean-Michel,-12.2844666666667,43.7459166666667
A_digitata,Maoulida33,2011,NA,Jean-Michel,-12.1219,44.4880333333333
A_digitata,Maoulida330,2011,NA,Jean-Michel,-12.2839166666667,43.7447166666667
A_digitata,Maoulida331,2011,NA,Jean-Michel,-12.2848833333333,43.7454
A_digitata,Maoulida332,2011,NA,Jean-Michel,-12.2855666666667,43.7455833333333
A_digitata,Maoulida333,2011,NA,Jean-Michel,-12.3153333333333,43.7846666666667
A_digitata,Maoulida334,2011,NA,Jean-Michel,-12.36775,43.7824333333333
A_digitata,Maoulida335,2011,NA,Jean-Michel,-12.3678333333333,43.7814333333333
A_digitata,Maoulida336,2011,NA,Jean-Michel,-12.36775,43.7760333333333
A_digitata,Maoulida337,2011,NA,Jean-Michel,-12.3662333333333,43.7701666666667
A_digitata,Maoulida338,2011,NA,Jean-Michel,-12.34635,43.67005
A_digitata,Maoulida339,2011,NA,Jean-Michel,-12.3260833333333,43.6639
A_digitata,Maoulida34,2011,NA,Jean-Michel,-12.1218666666667,44.4880833333333
A_digitata,Maoulida340,2011,NA,Jean-Michel,-12.32605,43.6638833333333
A_digitata,Maoulida341,2011,NA,Jean-Michel,-12.34735,43.6697
A_digitata,Maoulida342,2011,NA,Jean-Michel,-12.3459,43.6858
A_digitata,Maoulida343,2011,NA,Jean-Michel,-12.3451833333333,43.6865333333333
A_digitata,Maoulida344,2011,NA,Jean-Michel,-12.3064666666667,43.7789333333333
A_digitata,Maoulida345,2011,NA,Jean-Michel,-12.3054833333333,43.7772166666667
A_digitata,Maoulida346,2011,NA,Jean-Michel,-12.3061666666667,43.7761666666667
A_digitata,Maoulida347,2011,NA,Jean-Michel,-12.3060833333333,43.7756666666667
A_digitata,Maoulida348,2011,NA,Jean-Michel,-12.30135,43.7683
A_digitata,Maoulida349,2011,NA,Jean-Michel,-12.3000333333333,43.765
A_digitata,Maoulida35,2011,NA,Jean-Michel,-12.1214666666667,44.4893666666667
A_digitata,Maoulida350,2011,NA,Jean-Michel,-12.2988,43.7641833333333
A_digitata,Maoulida351,2011,NA,Jean-Michel,-12.2974333333333,43.7629833333333
A_digitata,Maoulida352,2011,NA,Jean-Michel,-12.2937833333333,43.7569666666667
A_digitata,Maoulida353,2011,NA,Jean-Michel,-12.2924333333333,43.7542
A_digitata,Maoulida354,2011,NA,Jean-Michel,-12.3717666666667,43.8686
A_digitata,Maoulida355,2011,NA,Jean-Michel,-12.372,43.8689833333333
A_digitata,Maoulida356,2011,NA,Jean-Michel,-12.3720666666667,43.8687333333333
A_digitata,Maoulida357,2011,NA,Jean-Michel,-12.3721,43.8686666666667
A_digitata,Maoulida358,2011,NA,Jean-Michel,-12.3721,43.8686666666667
A_digitata,Maoulida359,2011,NA,Jean-Michel,-12.37225,43.8687333333333
A_digitata,Maoulida36,2011,NA,Jean-Michel,-12.1176666666667,44.48575
A_digitata,Maoulida360,2011,NA,Jean-Michel,-12.3722833333333,43.8686333333333
A_digitata,Maoulida361,2011,NA,Jean-Michel,-12.3723333333333,43.8686166666667
A_digitata,Maoulida362,2011,NA,Jean-Michel,-12.3727666666667,43.8690333333333
A_digitata,Maoulida363,2011,NA,Jean-Michel,-12.3729,43.8690333333333
A_digitata,Maoulida364,2011,NA,Jean-Michel,-12.37285,43.8689833333333
A_digitata,Maoulida365,2011,NA,Jean-Michel,-12.3728333333333,43.8690166666667
A_digitata,Maoulida366,2011,NA,Jean-Michel,-12.3731166666667,43.8686666666667
A_digitata,Maoulida367,2011,NA,Jean-Michel,-12.3730333333333,43.8686666666667
A_digitata,Maoulida368,2011,NA,Jean-Michel,-12.3816166666667,43.8583666666667
A_digitata,Maoulida369,2011,NA,Jean-Michel,-12.38165,43.8584
A_digitata,Maoulida37,2011,NA,Jean-Michel,-12.1172333333333,44.48485
A_digitata,Maoulida370,2011,NA,Jean-Michel,-12.3816833333333,43.8584166666667
A_digitata,Maoulida371,2011,NA,Jean-Michel,-12.3819666666667,43.85845
A_digitata,Maoulida372,2011,NA,Jean-Michel,-12.38205,43.8537
A_digitata,Maoulida373,2011,NA,Jean-Michel,-12.3817833333333,43.8520333333333
A_digitata,Maoulida374,2011,NA,Jean-Michel,-12.38225,43.8511333333333
A_digitata,Maoulida375,2011,NA,Jean-Michel,-12.3822833333333,43.85095
A_digitata,Maoulida376,2011,NA,Jean-Michel,-12.3822333333333,43.8509166666667
A_digitata,Maoulida377,2011,NA,Jean-Michel,-12.3821333333333,43.8509
A_digitata,Maoulida378,2011,NA,Jean-Michel,-12.3821333333333,43.8511833333333
A_digitata,Maoulida379,2011,NA,Jean-Michel,-12.3822333333333,43.8510666666667
A_digitata,Maoulida38,2011,NA,Jean-Michel,-12.1188666666667,44.4838
A_digitata,Maoulida380,2011,NA,Jean-Michel,-12.3822666666667,43.8510166666667
A_digitata,Maoulida381,2011,NA,Jean-Michel,-12.3821833333333,43.85095
A_digitata,Maoulida382,2011,NA,Jean-Michel,-12.3821833333333,43.8508666666667
A_digitata,Maoulida383,2011,NA,Jean-Michel,-12.3820833333333,43.8508833333333
A_digitata,Maoulida384,2011,NA,Jean-Michel,-12.3818333333333,43.8509666666667
A_digitata,Maoulida385,2011,NA,Jean-Michel,-12.38135,43.8512
A_digitata,Maoulida386,2011,NA,Jean-Michel,-12.3793666666667,43.8514333333333
A_digitata,Maoulida387,2011,NA,Jean-Michel,-12.38055,43.8515666666667
A_digitata,Maoulida388,2011,NA,Jean-Michel,-12.3803,43.8512833333333
A_digitata,Maoulida389,2011,NA,Jean-Michel,-12.3812666666667,43.8511
A_digitata,Maoulida39,2011,NA,Jean-Michel,-12.1188,44.4840666666667
A_digitata,Maoulida390,2011,NA,Jean-Michel,-12.3810333333333,43.8508833333333
A_digitata,Maoulida391,2011,NA,Jean-Michel,-12.38115,43.8507833333333
A_digitata,Maoulida392,2011,NA,Jean-Michel,-12.3812,43.85115
A_digitata,Maoulida393,2011,NA,Jean-Michel,-12.3813333333333,43.8512166666667
A_digitata,Maoulida394,2011,NA,Jean-Michel,-12.38135,43.8512333333333
A_digitata,Maoulida395,2011,NA,Jean-Michel,-12.3814,43.8513833333333
A_digitata,Maoulida396,2011,NA,Jean-Michel,-12.37135,43.86115
A_digitata,Maoulida397,2011,NA,Jean-Michel,-12.3729666666667,43.8683
A_digitata,Maoulida398,2011,NA,Jean-Michel,-12.3732,43.8685166666667
A_digitata,Maoulida399,2011,NA,Jean-Michel,-12.3767,43.8387166666667
A_digitata,Maoulida4,2011,NA,Jean-Michel,-11.38375,43.3161666666667
A_digitata,Maoulida40,2011,NA,Jean-Michel,-12.31385,44.4400666666667
A_digitata,Maoulida400,2011,NA,Jean-Michel,-12.3774166666667,43.8388166666667
A_digitata,Maoulida401,2011,NA,Jean-Michel,-12.3781166666667,43.8388833333333
A_digitata,Maoulida402,2011,NA,Jean-Michel,-12.3781833333333,43.8389333333333
A_digitata,Maoulida403,2011,NA,Jean-Michel,-12.29718,43.7625166666667
A_digitata,Maoulida404,2011,NA,Jean-Michel,-11.5607833333333,43.2728833333333
A_digitata,Maoulida405,2011,NA,Jean-Michel,-11.5520166666667,43.2743
A_digitata,Maoulida406,2011,NA,Jean-Michel,-11.5507333333333,43.2744833333333
A_digitata,Maoulida407,2011,NA,Jean-Michel,-11.5475166666667,43.2757
A_digitata,Maoulida408,2011,NA,Jean-Michel,-11.5453833333333,43.2757833333333
A_digitata,Maoulida409,2011,NA,Jean-Michel,-11.54215,43.2766333333333
A_digitata,Maoulida41,2011,NA,Jean-Michel,-12.3138333333333,44.4401333333333
A_digitata,Maoulida410,2011,NA,Jean-Michel,-11.4895666666667,43.2779166666667
A_digitata,Maoulida411,2011,NA,Jean-Michel,-11.4895666666667,43.2779333333333
A_digitata,Maoulida412,2011,NA,Jean-Michel,-11.4894833333333,43.2774833333333
A_digitata,Maoulida413,2011,NA,Jean-Michel,-11.4889,43.2776833333333
A_digitata,Maoulida414,2011,NA,Jean-Michel,-11.4871666666667,43.2791333333333
A_digitata,Maoulida415,2011,NA,Jean-Michel,-11.4870833333333,43.2789833333333
A_digitata,Maoulida416,2011,NA,Jean-Michel,-11.487,43.2790333333333
A_digitata,Maoulida417,2011,NA,Jean-Michel,-11.4870833333333,43.2794166666667
A_digitata,Maoulida418,2011,NA,Jean-Michel,-11.4863333333333,43.2787833333333
A_digitata,Maoulida419,2011,NA,Jean-Michel,-11.4860333333333,43.2790666666667
A_digitata,Maoulida42,2011,NA,Jean-Michel,-12.3134666666667,44.43995
A_digitata,Maoulida420,2011,NA,Jean-Michel,-11.4858833333333,43.2802666666667
A_digitata,Maoulida421,2011,NA,Jean-Michel,-11.4868333333333,43.2818
A_digitata,Maoulida422,2011,NA,Jean-Michel,-11.487,43.28185
A_digitata,Maoulida423,2011,NA,Jean-Michel,-11.4865833333333,43.2832
A_digitata,Maoulida424,2011,NA,Jean-Michel,-11.48675,43.2833166666667
A_digitata,Maoulida425,2011,NA,Jean-Michel,-11.4874166666667,43.2839666666667
A_digitata,Maoulida426,2011,NA,Jean-Michel,-11.4877333333333,43.28375
A_digitata,Maoulida427,2011,NA,Jean-Michel,-11.4877833333333,43.2837333333333
A_digitata,Maoulida428,2011,NA,Jean-Michel,-11.4875,43.2838666666667
A_digitata,Maoulida429,2011,NA,Jean-Michel,-11.4866,43.2844166666667
A_digitata,Maoulida43,2011,NA,Jean-Michel,-12.2811,44.4038833333333
A_digitata,Maoulida430,2011,NA,Jean-Michel,-11.48623,43.2863333333333
A_digitata,Maoulida431,2011,NA,Jean-Michel,-11.4879,43.2883
A_digitata,Maoulida432,2011,NA,Jean-Michel,-11.48745,43.2873
A_digitata,Maoulida433,2011,NA,Jean-Michel,-11.4868833333333,43.2935833333333
A_digitata,Maoulida434,2011,NA,Jean-Michel,-11.4869166666667,43.2936166666667
A_digitata,Maoulida435,2011,NA,Jean-Michel,-11.4869166666667,43.2936166666667
A_digitata,Maoulida436,2011,NA,Jean-Michel,-11.4869166666667,43.2936166666667
A_digitata,Maoulida437,2011,NA,Jean-Michel,-11.4869166666667,43.2936166666667
A_digitata,Maoulida438,2011,NA,Jean-Michel,-11.4852666666667,43.2958333333333
A_digitata,Maoulida439,2011,NA,Jean-Michel,-11.5599833333333,43.2691666666667
A_digitata,Maoulida44,2011,NA,Jean-Michel,-12.2807833333333,44.40395
A_digitata,Maoulida440,2011,NA,Jean-Michel,-11.5619833333333,43.2699666666667
A_digitata,Maoulida441,2011,NA,Jean-Michel,-11.5616666666667,43.2710166666667
A_digitata,Maoulida442,2011,NA,Jean-Michel,-11.5595833333333,43.2719
A_digitata,Maoulida443,2011,NA,Jean-Michel,-11.8527333333333,43.3555833333333
A_digitata,Maoulida444,2011,NA,Jean-Michel,-11.8525666666667,43.3595833333333
A_digitata,Maoulida445,2011,NA,Jean-Michel,-11.9013333333333,43.5034333333333
A_digitata,Maoulida446,2011,NA,Jean-Michel,-11.903,43.4986
A_digitata,Maoulida447,2011,NA,Jean-Michel,-11.9076166666667,43.49915
A_digitata,Maoulida448,2011,NA,Jean-Michel,-11.9083,43.4991166666667
A_digitata,Maoulida449,2011,NA,Jean-Michel,-11.9082666666667,43.4982666666667
A_digitata,Maoulida45,2011,NA,Jean-Michel,-12.2805,44.4043
A_digitata,Maoulida450,2011,NA,Jean-Michel,-11.90885,43.4969333333333
A_digitata,Maoulida451,2011,NA,Jean-Michel,-11.9085,43.4959333333333
A_digitata,Maoulida452,2011,NA,Jean-Michel,-11.9104833333333,43.4953333333333
A_digitata,Maoulida453,2011,NA,Jean-Michel,-11.9107833333333,43.4936
A_digitata,Maoulida454,2011,NA,Jean-Michel,-11.9084666666667,43.4927166666667
A_digitata,Maoulida455,2011,NA,Jean-Michel,-11.9092166666667,43.4916166666667
A_digitata,Maoulida456,2011,NA,Jean-Michel,-11.9094166666667,43.4906
A_digitata,Maoulida457,2011,NA,Jean-Michel,-11.90825,43.4902333333333
A_digitata,Maoulida458,2011,NA,Jean-Michel,-11.9072,43.4891333333333
A_digitata,Maoulida459,2011,NA,Jean-Michel,-11.90575,43.4888
A_digitata,Maoulida46,2011,NA,Jean-Michel,-12.27135,44.4103833333333
A_digitata,Maoulida460,2011,NA,Jean-Michel,-11.9048,43.4880833333333
A_digitata,Maoulida461,2011,NA,Jean-Michel,-11.90415,43.4863333333333
A_digitata,Maoulida462,2011,NA,Jean-Michel,-11.9056,43.4854666666667
A_digitata,Maoulida463,2011,NA,Jean-Michel,-11.91025,43.4841
A_digitata,Maoulida464,2011,NA,Jean-Michel,-11.91205,43.4834166666667
A_digitata,Maoulida465,2011,NA,Jean-Michel,-11.915,43.4869166666667
A_digitata,Maoulida466,2011,NA,Jean-Michel,-11.91615,43.4879
A_digitata,Maoulida467,2011,NA,Jean-Michel,-11.9197666666667,43.4907333333333
A_digitata,Maoulida468,2011,NA,Jean-Michel,-11.92025,43.4901666666667
A_digitata,Maoulida469,2011,NA,Jean-Michel,-11.9201666666667,43.4896
A_digitata,Maoulida47,2011,NA,Jean-Michel,-12.2738833333333,44.39885
A_digitata,Maoulida470,2011,NA,Jean-Michel,-11.92175,43.4878
A_digitata,Maoulida471,2011,NA,Jean-Michel,-11.92395,43.4882166666667
A_digitata,Maoulida472,2011,NA,Jean-Michel,-11.9175,43.4676833333333
A_digitata,Maoulida473,2011,NA,Jean-Michel,-11.9167,43.4658666666667
A_digitata,Maoulida474,2011,NA,Jean-Michel,-11.915,43.4647166666667
A_digitata,Maoulida475,2011,NA,Jean-Michel,-11.9123,43.4553166666667
A_digitata,Maoulida476,2011,NA,Jean-Michel,-11.90465,43.4240333333333
A_digitata,Maoulida477,2011,NA,Jean-Michel,-11.88143,43.3958333333333
A_digitata,Maoulida478,2011,NA,Jean-Michel,-11.4656166666667,43.2740166666667
A_digitata,Maoulida479,2011,NA,Jean-Michel,-11.46225,43.27435
A_digitata,Maoulida48,2011,NA,Jean-Michel,-12.2657,44.3968166666667
A_digitata,Maoulida480,2011,NA,Jean-Michel,-11.46045,43.2747333333333
A_digitata,Maoulida481,2011,NA,Jean-Michel,-11.41235,43.2772833333333
A_digitata,Maoulida482,2011,NA,Jean-Michel,-11.41153,43.2772166666667
A_digitata,Maoulida483,2011,NA,Jean-Michel,-11.4021666666667,43.27815
A_digitata,Maoulida484,2011,NA,Jean-Michel,-11.3951666666667,43.2829
A_digitata,Maoulida485,2011,NA,Jean-Michel,-11.3866666666667,43.2954833333333
A_digitata,Maoulida486,2011,NA,Jean-Michel,-11.38465,43.29825
A_digitata,Maoulida487,2011,NA,Jean-Michel,-11.3842833333333,43.305
A_digitata,Maoulida488,2011,NA,Jean-Michel,-11.3843,43.3055166666667
A_digitata,Maoulida489,2011,NA,Jean-Michel,-11.3843666666667,43.3066666666667
A_digitata,Maoulida49,2011,NA,Jean-Michel,-12.2358666666667,44.34085
A_digitata,Maoulida490,2011,NA,Jean-Michel,-11.3845333333333,43.3074
A_digitata,Maoulida491,2011,NA,Jean-Michel,-11.3847,43.30795
A_digitata,Maoulida492,2011,NA,Jean-Michel,-11.3845333333333,43.31345
A_digitata,Maoulida493,2011,NA,Jean-Michel,-11.3840833333333,43.3150166666667
A_digitata,Maoulida494,2011,NA,Jean-Michel,-11.3811833333333,43.32515
A_digitata,Maoulida495,2011,NA,Jean-Michel,-11.3814166666667,43.3269166666667
A_digitata,Maoulida496,2011,NA,Jean-Michel,-11.3799166666667,43.3319333333333
A_digitata,Maoulida497,2011,NA,Jean-Michel,-11.3794,43.3337833333333
A_digitata,Maoulida498,2011,NA,Jean-Michel,-11.3776666666667,43.3378666666667
A_digitata,Maoulida499,2011,NA,Jean-Michel,-11.3769,43.3397333333333
A_digitata,Maoulida5,2011,NA,Jean-Michel,-11.3868833333333,43.2963333333333
A_digitata,Maoulida50,2011,NA,Jean-Michel,-12.2354666666667,44.34095
A_digitata,Maoulida500,2011,NA,Jean-Michel,-11.3741,43.3471833333333
A_digitata,Maoulida501,2011,NA,Jean-Michel,-11.37435,43.3500333333333
A_digitata,Maoulida502,2011,NA,Jean-Michel,-11.3744666666667,43.3543833333333
A_digitata,Maoulida503,2011,NA,Jean-Michel,-11.3744166666667,43.3555166666667
A_digitata,Maoulida504,2011,NA,Jean-Michel,-11.37435,43.3566166666667
A_digitata,Maoulida505,2011,NA,Jean-Michel,-11.3743166666667,43.3571666666667
A_digitata,Maoulida506,2011,NA,Jean-Michel,-11.3742833333333,43.3576
A_digitata,Maoulida507,2011,NA,Jean-Michel,-11.3730833333333,43.3591
A_digitata,Maoulida508,2011,NA,Jean-Michel,-11.3721833333333,43.3601166666667
A_digitata,Maoulida509,2011,NA,Jean-Michel,-11.3729333333333,43.3636
A_digitata,Maoulida51,2011,NA,Jean-Michel,-12.2359333333333,44.34055
A_digitata,Maoulida510,2011,NA,Jean-Michel,-11.3733833333333,43.3648833333333
A_digitata,Maoulida511,2011,NA,Jean-Michel,-11.4356833333333,43.4155666666667
A_digitata,Maoulida512,2011,NA,Jean-Michel,-11.4359833333333,43.4154166666667
A_digitata,Maoulida513,2011,NA,Jean-Michel,-11.4345833333333,43.4125666666667
A_digitata,Maoulida514,2011,NA,Jean-Michel,-11.4340666666667,43.4126666666667
A_digitata,Maoulida515,2011,NA,Jean-Michel,-11.43235,43.4122833333333
A_digitata,Maoulida516,2011,NA,Jean-Michel,-11.4302666666667,43.41065
A_digitata,Maoulida517,2011,NA,Jean-Michel,-11.42943,43.4117333333333
A_digitata,Maoulida518,2011,NA,Jean-Michel,-11.42915,43.4111333333333
A_digitata,Maoulida519,2011,NA,Jean-Michel,-11.4293166666667,43.4072333333333
A_digitata,Maoulida52,2011,NA,Jean-Michel,-12.2337666666667,44.3428
A_digitata,Maoulida520,2011,NA,Jean-Michel,-11.4293666666667,43.4067166666667
A_digitata,Maoulida521,2011,NA,Jean-Michel,-11.4291833333333,43.4041666666667
A_digitata,Maoulida522,2011,NA,Jean-Michel,-11.4278666666667,43.4004166666667
A_digitata,Maoulida523,2011,NA,Jean-Michel,-11.4266666666667,43.3964
A_digitata,Maoulida524,2011,NA,Jean-Michel,-11.4184833333333,43.4111666666667
A_digitata,Maoulida525,2011,NA,Jean-Michel,-11.4149833333333,43.4024333333333
A_digitata,Maoulida526,2011,NA,Jean-Michel,-11.4113,43.40095
A_digitata,Maoulida527,2011,NA,Jean-Michel,-11.4086,43.4002666666667
A_digitata,Maoulida528,2011,NA,Jean-Michel,-11.4052833333333,43.3993333333333
A_digitata,Maoulida529,2011,NA,Jean-Michel,-11.3922166666667,43.3947
A_digitata,Maoulida53,2011,NA,Jean-Michel,-12.1916833333333,44.2331
A_digitata,Maoulida530,2011,NA,Jean-Michel,-11.3885166666667,43.3970666666667
A_digitata,Maoulida531,2011,NA,Jean-Michel,-11.3930166666667,43.39815
A_digitata,Maoulida532,2011,NA,Jean-Michel,-11.6413333333333,43.3947833333333
A_digitata,Maoulida533,2011,NA,Jean-Michel,-11.6458833333333,43.3948833333333
A_digitata,Maoulida534,2011,NA,Jean-Michel,-11.6490166666667,43.3959166666667
A_digitata,Maoulida535,2011,NA,Jean-Michel,-11.6733,43.4129833333333
A_digitata,Maoulida536,2011,NA,Jean-Michel,-11.6736333333333,43.4137666666667
A_digitata,Maoulida537,2011,NA,Jean-Michel,-11.674,43.4141833333333
A_digitata,Maoulida538,2011,NA,Jean-Michel,-11.6813166666667,43.41335
A_digitata,Maoulida539,2011,NA,Jean-Michel,-11.8951666666667,43.5035166666667
A_digitata,Maoulida54,2011,NA,Jean-Michel,-12.1911,44.2306833333333
A_digitata,Maoulida540,2011,NA,Jean-Michel,-11.8845333333333,43.5037333333333
A_digitata,Maoulida541,2011,NA,Jean-Michel,-11.8836333333333,43.5034666666667
A_digitata,Maoulida542,2011,NA,Jean-Michel,-11.8821333333333,43.5034666666667
A_digitata,Maoulida543,2011,NA,Jean-Michel,-11.8813833333333,43.50295
A_digitata,Maoulida544,2011,NA,Jean-Michel,-11.8805333333333,43.50245
A_digitata,Maoulida545,2011,NA,Jean-Michel,-11.8782333333333,43.50185
A_digitata,Maoulida546,2011,NA,Jean-Michel,-11.8767333333333,43.5011666666667
A_digitata,Maoulida547,2011,NA,Jean-Michel,-11.8757333333333,43.5005
A_digitata,Maoulida548,2011,NA,Jean-Michel,-11.8741,43.4992
A_digitata,Maoulida549,2011,NA,Jean-Michel,-11.85535,43.4839666666667
A_digitata,Maoulida55,2011,NA,Jean-Michel,-12.1905666666667,44.2291833333333
A_digitata,Maoulida550,2011,NA,Jean-Michel,-11.8538333333333,43.4822833333333
A_digitata,Maoulida551,2011,NA,Jean-Michel,-11.8538166666667,43.4822666666667
A_digitata,Maoulida552,2011,NA,Jean-Michel,-11.8502166666667,43.4757
A_digitata,Maoulida553,2011,NA,Jean-Michel,-11.8307166666667,43.4557333333333
A_digitata,Maoulida554,2011,NA,Jean-Michel,-11.80955,43.4515833333333
A_digitata,Maoulida555,2011,NA,Jean-Michel,-11.7913333333333,43.4505
A_digitata,Maoulida556,2011,NA,Jean-Michel,-11.78715,43.4527333333333
A_digitata,Maoulida557,2011,NA,Jean-Michel,-11.7829833333333,43.45285
A_digitata,Maoulida558,2011,NA,Jean-Michel,-11.78235,43.4532333333333
A_digitata,Maoulida559,2011,NA,Jean-Michel,-11.7800833333333,43.4540333333333
A_digitata,Maoulida56,2011,NA,Jean-Michel,-12.1900333333333,44.2286166666667
A_digitata,Maoulida560,2011,NA,Jean-Michel,-11.7791666666667,43.45405
A_digitata,Maoulida561,2011,NA,Jean-Michel,-11.7769333333333,43.4540166666667
A_digitata,Maoulida562,2011,NA,Jean-Michel,-11.7757,43.4539166666667
A_digitata,Maoulida563,2011,NA,Jean-Michel,-11.7737333333333,43.4541
A_digitata,Maoulida564,2011,NA,Jean-Michel,-11.7645833333333,43.4522333333333
A_digitata,Maoulida565,2011,NA,Jean-Michel,-11.7628166666667,43.4519333333333
A_digitata,Maoulida566,2011,NA,Jean-Michel,-11.75823,43.4455833333333
A_digitata,Maoulida567,2011,NA,Jean-Michel,-11.7580666666667,43.4464833333333
A_digitata,Maoulida568,2011,NA,Jean-Michel,-11.76015,43.4486333333333
A_digitata,Maoulida569,2011,NA,Jean-Michel,-11.8757333333,43.4046833333333
A_digitata,Maoulida57,2011,NA,Jean-Michel,-12.1897833333333,44.2275166666667
A_digitata,Maoulida570,2011,NA,Jean-Michel,-11.8791166666667,43.4200333333333
A_digitata,Maoulida571,2011,NA,Jean-Michel,-11.7921833333333,43.4500166666667
A_digitata,Maoulida572,2011,NA,Jean-Michel,-11.79175,43.45025
A_digitata,Maoulida573,2011,NA,Jean-Michel,-11.7575,43.45125
A_digitata,Maoulida574,2011,NA,Jean-Michel,-11.7581333333333,43.4516333333333
A_digitata,Maoulida575,2011,NA,Jean-Michel,-11.7580833333333,43.4517666666667
A_digitata,Maoulida576,2011,NA,Jean-Michel,-11.7076833333333,43.4324833333333
A_digitata,Maoulida577,2011,NA,Jean-Michel,-11.7076666666667,43.4326833333333
A_digitata,Maoulida578,2011,NA,Jean-Michel,-11.7076,43.4326
A_digitata,Maoulida579,2011,NA,Jean-Michel,-11.7074666666667,43.4324833333333
A_digitata,Maoulida58,2011,NA,Jean-Michel,-12.1898,44.2274833333333
A_digitata,Maoulida580,2011,NA,Jean-Michel,-11.70045,43.43065
A_digitata,Maoulida581,2011,NA,Jean-Michel,-11.6091333333333,43.3905833333333
A_digitata,Maoulida582,2011,NA,Jean-Michel,-11.67545,43.265783333333
A_digitata,Maoulida59,2011,NA,Jean-Michel,-12.1893166666667,44.22685
A_digitata,Maoulida6,2011,NA,Jean-Michel,-11.3876,43.2967666666667
A_digitata,Maoulida60,2011,NA,Jean-Michel,-12.1936,44.2361166666667
A_digitata,Maoulida61,2011,NA,Jean-Michel,-12.3652,44.5029833333333
A_digitata,Maoulida62,2011,NA,Jean-Michel,-12.365,44.4977166666667
A_digitata,Maoulida63,2011,NA,Jean-Michel,-12.3732166666667,44.49995
A_digitata,Maoulida64,2011,NA,Jean-Michel,-12.378,44.4975666666667
A_digitata,Maoulida65,2011,NA,Jean-Michel,-12.37925,44.4983666666667
A_digitata,Maoulida66,2011,NA,Jean-Michel,-12.2181166666667,44.51745
A_digitata,Maoulida67,2011,NA,Jean-Michel,-12.2204333333333,44.51705
A_digitata,Maoulida68,2011,NA,Jean-Michel,-12.2089166666667,44.5184333333333
A_digitata,Maoulida69,2011,NA,Jean-Michel,-12.20975,44.5189833333333
A_digitata,Maoulida7,2011,NA,Jean-Michel,-11.3884166666667,43.2965166666667
A_digitata,Maoulida70,2011,NA,Jean-Michel,-12.2113166666667,44.51895
A_digitata,Maoulida71,2011,NA,Jean-Michel,-12.2129666666667,44.5203166666667
A_digitata,Maoulida72,2011,NA,Jean-Michel,-12.2078833333333,44.5181166666667
A_digitata,Maoulida73,2011,NA,Jean-Michel,-12.20405,44.5186666666667
A_digitata,Maoulida74,2011,NA,Jean-Michel,-12.2034166666667,44.51845
A_digitata,Maoulida75,2011,NA,Jean-Michel,-12.2036833333333,44.5183666666667
A_digitata,Maoulida76,2011,NA,Jean-Michel,-12.35085,44.5264833333333
A_digitata,Maoulida77,2011,NA,Jean-Michel,-12.35765,44.52365
A_digitata,Maoulida78,2011,NA,Jean-Michel,-12.3680166666667,44.5135333333333
A_digitata,Maoulida79,2011,NA,Jean-Michel,-12.3427333333333,43.8471666666667
A_digitata,Maoulida8,2011,NA,Jean-Michel,-11.38685,43.30085
A_digitata,Maoulida80,2011,NA,Jean-Michel,-12.3410166666667,43.8405166666667
A_digitata,Maoulida81,2011,NA,Jean-Michel,-12.3827666666667,43.8402333333333
A_digitata,Maoulida82,2011,NA,Jean-Michel,-12.3822333333333,43.8401833333333
A_digitata,Maoulida83,2011,NA,Jean-Michel,-12.3801,43.83755
A_digitata,Maoulida84,2011,NA,Jean-Michel,-12.3803166666667,43.8373833333333
A_digitata,Maoulida85,2011,NA,Jean-Michel,-12.3805666666667,43.8374166666667
A_digitata,Maoulida86,2011,NA,Jean-Michel,-12.3470333333333,43.6681333333333
A_digitata,Maoulida87,2011,NA,Jean-Michel,-12.3486666666667,43.6688
A_digitata,Maoulida88,2011,NA,Jean-Michel,-12.3908833333333,43.7038333333333
A_digitata,Maoulida89,2011,NA,Jean-Michel,-12.39095,43.7037333333333
A_digitata,Maoulida9,2011,NA,Jean-Michel,-11.3846166666667,43.305
A_digitata,Maoulida90,2011,NA,Jean-Michel,-12.3909166666667,43.70365
A_digitata,Maoulida91,2011,NA,Jean-Michel,-12.3912333333333,43.7035833333333
A_digitata,Maoulida92,2011,NA,Jean-Michel,-12.3915333333333,43.7038166666667
A_digitata,Maoulida93,2011,NA,Jean-Michel,-12.3915333333333,43.7038166666667
A_digitata,Maoulida94,2011,NA,Jean-Michel,-12.39145,43.7043666666667
A_digitata,Maoulida95,2011,NA,Jean-Michel,-12.3913666666667,43.70475
A_digitata,Maoulida96,2011,NA,Jean-Michel,-12.3914166666667,43.7047833333333
A_digitata,Maoulida97,2011,NA,Jean-Michel,-12.3914666666667,43.7048333333333
A_digitata,Maoulida98,2011,NA,Jean-Michel,-12.39153,43.7047833333333
A_digitata,Maoulida99,2011,NA,Jean-Michel,-12.39155,43.7051
A_digitata,GoogleEarthMwaly1,2014,NA,Jean-Michel,-12.3728,43.8681
A_digitata,GoogleEarthMwaly10,2014,NA,Jean-Michel,-12.3695,43.7239
A_digitata,GoogleEarthMwaly11,2014,NA,Jean-Michel,-12.341,43.8405
A_digitata,GoogleEarthMwaly12,2014,NA,Jean-Michel,-12.343,43.8499
A_digitata,GoogleEarthMwaly13,2014,NA,Jean-Michel,-12.3435,43.8494
A_digitata,GoogleEarthMwaly14,2014,NA,Jean-Michel,-12.3436,43.8494
A_digitata,GoogleEarthMwaly15,2014,NA,Jean-Michel,-12.3436,43.8489
A_digitata,GoogleEarthMwaly16,2014,NA,Jean-Michel,-12.3441,43.8485
A_digitata,GoogleEarthMwaly17,2014,NA,Jean-Michel,-12.344,43.8486
A_digitata,GoogleEarthMwaly18,2014,NA,Jean-Michel,-12.342,43.8447
A_digitata,GoogleEarthMwaly19,2014,NA,Jean-Michel,-12.3769,43.8687
A_digitata,GoogleEarthMwaly2,2014,NA,Jean-Michel,-12.3725,43.8684
A_digitata,GoogleEarthMwaly20,2014,NA,Jean-Michel,-12.372,43.869
A_digitata,GoogleEarthMwaly21,2014,NA,Jean-Michel,-12.3828,43.8402
A_digitata,GoogleEarthMwaly22,2014,NA,Jean-Michel,-12.3822,43.8402
A_digitata,GoogleEarthMwaly23,2014,NA,Jean-Michel,-12.3797,43.8375
A_digitata,GoogleEarthMwaly24,2014,NA,Jean-Michel,-12.3799,43.8382
A_digitata,GoogleEarthMwaly25,2014,NA,Jean-Michel,-12.3803,43.8373
A_digitata,GoogleEarthMwaly26,2014,NA,Jean-Michel,-12.3806,43.8374
A_digitata,GoogleEarthMwaly27,2014,NA,Jean-Michel,-12.3819,43.8362
A_digitata,GoogleEarthMwaly28,2014,NA,Jean-Michel,-12.382,43.8362
A_digitata,GoogleEarthMwaly29,2014,NA,Jean-Michel,-12.3822,43.8366
A_digitata,GoogleEarthMwaly3,2014,NA,Jean-Michel,-12.3721,43.8681
A_digitata,GoogleEarthMwaly30,2014,NA,Jean-Michel,-12.382,43.8365
A_digitata,GoogleEarthMwaly31,2014,NA,Jean-Michel,-12.3815,43.833
A_digitata,GoogleEarthMwaly32,2014,NA,Jean-Michel,-12.3815,43.8329
A_digitata,GoogleEarthMwaly33,2014,NA,Jean-Michel,-12.381,43.8332
A_digitata,GoogleEarthMwaly34,2014,NA,Jean-Michel,-12.3797,43.8319
A_digitata,GoogleEarthMwaly35,2014,NA,Jean-Michel,-12.3814,43.8325
A_digitata,GoogleEarthMwaly36,2014,NA,Jean-Michel,-12.3813,43.8323
A_digitata,GoogleEarthMwaly37,2014,NA,Jean-Michel,-12.3815,43.8323
A_digitata,GoogleEarthMwaly38,2014,NA,Jean-Michel,-12.3814,43.8321
A_digitata,GoogleEarthMwaly39,2014,NA,Jean-Michel,-12.381,43.8304
A_digitata,GoogleEarthMwaly4,2014,NA,Jean-Michel,-12.3779,43.8681
A_digitata,GoogleEarthMwaly40,2014,NA,Jean-Michel,-12.3809,43.8302
A_digitata,GoogleEarthMwaly41,2014,NA,Jean-Michel,-12.3807,43.83
A_digitata,GoogleEarthMwaly42,2014,NA,Jean-Michel,-12.3805,43.8295
A_digitata,GoogleEarthMwaly43,2014,NA,Jean-Michel,-12.3807,43.8294
A_digitata,GoogleEarthMwaly44,2014,NA,Jean-Michel,-12.3802,43.8318
A_digitata,GoogleEarthMwaly45,2014,NA,Jean-Michel,-12.3698,43.7189
A_digitata,GoogleEarthMwaly46,2014,NA,Jean-Michel,-12.3686,43.7182
A_digitata,GoogleEarthMwaly47,2014,NA,Jean-Michel,-12.3795,43.8434
A_digitata,GoogleEarthMwaly48,2014,NA,Jean-Michel,-12.3804,43.8459
A_digitata,GoogleEarthMwaly49,2014,NA,Jean-Michel,-12.3805,43.8512
A_digitata,GoogleEarthMwaly5,2014,NA,Jean-Michel,-12.3724,43.8682
A_digitata,GoogleEarthMwaly6,2014,NA,Jean-Michel,-12.3779,43.8681
A_digitata,GoogleEarthMwaly7,2014,NA,Jean-Michel,-12.3688,43.8683
A_digitata,GoogleEarthMwaly8,2014,NA,Jean-Michel,-12.3688,43.8681
A_digitata,GoogleEarthMwaly9,2014,NA,Jean-Michel,-12.369,43.8667
A_digitata,GoogleEarthNgazidja1,2014,NA,Jean-Michel,-11.8952,43.5104
A_digitata,GoogleEarthNgazidja10,2014,NA,Jean-Michel,-11.4746,43.3953
A_digitata,GoogleEarthNgazidja11,2014,NA,Jean-Michel,-11.4738,43.3937
A_digitata,GoogleEarthNgazidja12,2014,NA,Jean-Michel,-11.4296,43.398
A_digitata,GoogleEarthNgazidja13,2014,NA,Jean-Michel,-11.4339,43.3991
A_digitata,GoogleEarthNgazidja14,2014,NA,Jean-Michel,-11.3828,43.3802
A_digitata,GoogleEarthNgazidja15,2014,NA,Jean-Michel,-11.3907,43.3959
A_digitata,GoogleEarthNgazidja16,2014,NA,Jean-Michel,-11.3894,43.3929
A_digitata,GoogleEarthNgazidja17,2014,NA,Jean-Michel,-11.6158,43.2624
A_digitata,GoogleEarthNgazidja18,2014,NA,Jean-Michel,-11.6156,43.2621
A_digitata,GoogleEarthNgazidja19,2014,NA,Jean-Michel,-11.614,43.2624
A_digitata,GoogleEarthNgazidja2,2014,NA,Jean-Michel,-11.8952,43.5111
A_digitata,GoogleEarthNgazidja20,2014,NA,Jean-Michel,-11.6057,43.2618
A_digitata,GoogleEarthNgazidja21,2014,NA,Jean-Michel,-11.759,43.2436
A_digitata,GoogleEarthNgazidja22,2014,NA,Jean-Michel,-11.853,43.3408
A_digitata,GoogleEarthNgazidja23,2014,NA,Jean-Michel,-11.8529,43.344
A_digitata,GoogleEarthNgazidja3,2014,NA,Jean-Michel,-11.8938,43.5106
A_digitata,GoogleEarthNgazidja4,2014,NA,Jean-Michel,-11.8939,43.5103
A_digitata,GoogleEarthNgazidja5,2014,NA,Jean-Michel,-11.8942,43.5108
A_digitata,GoogleEarthNgazidja6,2014,NA,Jean-Michel,-11.8935,43.5101
A_digitata,GoogleEarthNgazidja7,2014,NA,Jean-Michel,-11.8817,43.5067
A_digitata,GoogleEarthNgazidja8,2014,NA,Jean-Michel,-11.8823,43.5068
A_digitata,GoogleEarthNgazidja9,2014,NA,Jean-Michel,-11.4753,43.3938
A_digitata,GoogleENdzouan1,2014,NA,Jean-Michel,-12.2805,44.5236
A_digitata,GoogleENdzouan2,2014,NA,Jean-Michel,-12.2807,44.5222
A_digitata,GoogleENdzouan3,2014,NA,Jean-Michel,-12.2802,44.5245
A_digitata,GoogleENdzouan4,2014,NA,Jean-Michel,-12.2795,44.523
A_digitata,Mwaly1,2014,NA,Jean-Michel,-12.3749,43.8677
A_digitata,Mwaly10,2014,NA,Jean-Michel,-12.3821,43.8512
A_digitata,Mwaly100,2014,NA,Jean-Michel,-12.2612,43.6884
A_digitata,Mwaly101,2014,NA,Jean-Michel,-12.2613,43.6884
A_digitata,Mwaly102,2014,NA,Jean-Michel,-12.2613,43.6884
A_digitata,Mwaly103,2014,NA,Jean-Michel,-12.2613,43.6884
A_digitata,Mwaly104,2014,NA,Jean-Michel,-12.2613,43.6885
A_digitata,Mwaly105,2014,NA,Jean-Michel,-12.2614,43.6884
A_digitata,Mwaly106,2014,NA,Jean-Michel,-12.2614,43.6884
A_digitata,Mwaly107,2014,NA,Jean-Michel,-12.2614,43.6885
A_digitata,Mwaly108,2014,NA,Jean-Michel,-12.2613,43.6889
A_digitata,Mwaly109,2014,NA,Jean-Michel,-12.2613,43.689
A_digitata,Mwaly11,2014,NA,Jean-Michel,-12.3817,43.8514
A_digitata,Mwaly110,2014,NA,Jean-Michel,-12.2679,43.7033
A_digitata,Mwaly111,2014,NA,Jean-Michel,-12.2679,43.7033
A_digitata,Mwaly112,2014,NA,Jean-Michel,-12.2679,43.7033
A_digitata,Mwaly113,2014,NA,Jean-Michel,-12.2679,43.7033
A_digitata,Mwaly114,2014,NA,Jean-Michel,-12.2691,43.705
A_digitata,Mwaly115,2014,NA,Jean-Michel,-12.2691,43.705
A_digitata,Mwaly116,2014,NA,Jean-Michel,-12.2691,43.705
A_digitata,Mwaly117,2014,NA,Jean-Michel,-12.2691,43.705
A_digitata,Mwaly118,2014,NA,Jean-Michel,-12.269,43.7054
A_digitata,Mwaly119,2014,NA,Jean-Michel,-12.269,43.7054
A_digitata,Mwaly12,2014,NA,Jean-Michel,-12.3813,43.8515
A_digitata,Mwaly120,2014,NA,Jean-Michel,-12.269,43.7054
A_digitata,Mwaly121,2014,NA,Jean-Michel,-12.269,43.7054
A_digitata,Mwaly122,2014,NA,Jean-Michel,-12.2689,43.7064
A_digitata,Mwaly123,2014,NA,Jean-Michel,-12.2691,43.7076
A_digitata,Mwaly124,2014,NA,Jean-Michel,-12.27,43.7107
A_digitata,Mwaly125,2014,NA,Jean-Michel,-12.27,43.7107
A_digitata,Mwaly126,2014,NA,Jean-Michel,-12.2702,43.711
A_digitata,Mwaly127,2014,NA,Jean-Michel,-12.2708,43.7118
A_digitata,Mwaly128,2014,NA,Jean-Michel,-12.2708,43.7118
A_digitata,Mwaly129,2014,NA,Jean-Michel,-12.2722,43.7148
A_digitata,Mwaly13,2014,NA,Jean-Michel,-12.3813,43.8515
A_digitata,Mwaly130,2014,NA,Jean-Michel,-12.2722,43.7148
A_digitata,Mwaly131,2014,NA,Jean-Michel,-12.2722,43.7148
A_digitata,Mwaly132,2014,NA,Jean-Michel,-12.2722,43.7148
A_digitata,Mwaly133,2014,NA,Jean-Michel,-12.2737,43.7207
A_digitata,Mwaly134,2014,NA,Jean-Michel,-12.273,43.7223
A_digitata,Mwaly135,2014,NA,Jean-Michel,-12.2731,43.7236
A_digitata,Mwaly136,2014,NA,Jean-Michel,-12.2731,43.7236
A_digitata,Mwaly137,2014,NA,Jean-Michel,-12.273,43.724
A_digitata,Mwaly138,2014,NA,Jean-Michel,-12.2731,43.724
A_digitata,Mwaly139,2014,NA,Jean-Michel,-12.2733,43.7242
A_digitata,Mwaly14,2014,NA,Jean-Michel,-12.3812,43.8512
A_digitata,Mwaly140,2014,NA,Jean-Michel,-12.2732,43.7244
A_digitata,Mwaly141,2014,NA,Jean-Michel,-12.2732,43.7244
A_digitata,Mwaly142,2014,NA,Jean-Michel,-12.2732,43.7244
A_digitata,Mwaly143,2014,NA,Jean-Michel,-12.2733,43.7249
A_digitata,Mwaly144,2014,NA,Jean-Michel,-12.2734,43.7251
A_digitata,Mwaly145,2014,NA,Jean-Michel,-12.315,43.785
A_digitata,Mwaly146,2014,NA,Jean-Michel,-12.3149,43.785
A_digitata,Mwaly147,2014,NA,Jean-Michel,-12.3148,43.785
A_digitata,Mwaly148,2014,NA,Jean-Michel,-12.3134,43.7849
A_digitata,Mwaly149,2014,NA,Jean-Michel,-12.3133,43.785
A_digitata,Mwaly15,2014,NA,Jean-Michel,-12.3811,43.851
A_digitata,Mwaly150,2014,NA,Jean-Michel,-12.3133,43.7851
A_digitata,Mwaly151,2014,NA,Jean-Michel,-12.3129,43.7851
A_digitata,Mwaly152,2014,NA,Jean-Michel,-12.3123,43.7842
A_digitata,Mwaly153,2014,NA,Jean-Michel,-12.3124,43.7841
A_digitata,Mwaly154,2014,NA,Jean-Michel,-12.3124,43.7841
A_digitata,Mwaly155,2014,NA,Jean-Michel,-12.312,43.7844
A_digitata,Mwaly156,2014,NA,Jean-Michel,-12.3111,43.7851
A_digitata,Mwaly157,2014,NA,Jean-Michel,-12.3059,43.7796
A_digitata,Mwaly158,2014,NA,Jean-Michel,-12.3068,43.7784
A_digitata,Mwaly159,2014,NA,Jean-Michel,-12.3061,43.7768
A_digitata,Mwaly16,2014,NA,Jean-Michel,-12.3811,43.8508
A_digitata,Mwaly160,2014,NA,Jean-Michel,-12.3061,43.7768
A_digitata,Mwaly161,2014,NA,Jean-Michel,-12.3061,43.7768
A_digitata,Mwaly162,2014,NA,Jean-Michel,-12.3065,43.7762
A_digitata,Mwaly163,2014,NA,Jean-Michel,-12.2999,43.765
A_digitata,Mwaly164,2014,NA,Jean-Michel,-12.2987,43.7641
A_digitata,Mwaly165,2014,NA,Jean-Michel,-12.2983,43.764
A_digitata,Mwaly166,2014,NA,Jean-Michel,-12.2982,43.7639
A_digitata,Mwaly167,2014,NA,Jean-Michel,-12.2972,43.7625
A_digitata,Mwaly168,2014,NA,Jean-Michel,-12.2972,43.7625
A_digitata,Mwaly169,2014,NA,Jean-Michel,-12.2972,43.7625
A_digitata,Mwaly17,2014,NA,Jean-Michel,-12.3804,43.8507
A_digitata,Mwaly170,2014,NA,Jean-Michel,-12.284,43.7448
A_digitata,Mwaly171,2014,NA,Jean-Michel,-12.2849,43.7454
A_digitata,Mwaly172,2014,NA,Jean-Michel,-12.2855,43.7456
A_digitata,Mwaly173,2014,NA,Jean-Michel,-12.2845,43.7458
A_digitata,Mwaly174,2014,NA,Jean-Michel,-12.2848,43.7467
A_digitata,Mwaly175,2014,NA,Jean-Michel,-12.285,43.7468
A_digitata,Mwaly176,2014,NA,Jean-Michel,-12.2868,43.7499
A_digitata,Mwaly177,2014,NA,Jean-Michel,-12.2875,43.7504
A_digitata,Mwaly178,2014,NA,Jean-Michel,-12.2883,43.7509
A_digitata,Mwaly179,2014,NA,Jean-Michel,-12.2922,43.7541
A_digitata,Mwaly18,2014,NA,Jean-Michel,-12.3725,43.8596
A_digitata,Mwaly180,2014,NA,Jean-Michel,-12.2932,43.7544
A_digitata,Mwaly181,2014,NA,Jean-Michel,-12.2925,43.7543
A_digitata,Mwaly182,2014,NA,Jean-Michel,-12.2922,43.7512
A_digitata,Mwaly183,2014,NA,Jean-Michel,-12.2913,43.7484
A_digitata,Mwaly184,2014,NA,Jean-Michel,-12.2935,43.7492
A_digitata,Mwaly185,2014,NA,Jean-Michel,-12.2893,43.7427
A_digitata,Mwaly186,2014,NA,Jean-Michel,-12.2825,43.7434
A_digitata,Mwaly187,2014,NA,Jean-Michel,-12.2825,43.7434
A_digitata,Mwaly188,2014,NA,Jean-Michel,-12.2723,43.7337
A_digitata,Mwaly189,2014,NA,Jean-Michel,-12.2729,43.7261
A_digitata,Mwaly19,2014,NA,Jean-Michel,-12.3725,43.8596
A_digitata,Mwaly190,2014,NA,Jean-Michel,-12.2729,43.7252
A_digitata,Mwaly191,2014,NA,Jean-Michel,-12.2729,43.7252
A_digitata,Mwaly192,2014,NA,Jean-Michel,-12.2799,43.7279
A_digitata,Mwaly193,2014,NA,Jean-Michel,-12.2752,43.7239
A_digitata,Mwaly194,2014,NA,Jean-Michel,-12.2752,43.7239
A_digitata,Mwaly195,2014,NA,Jean-Michel,-12.2752,43.7239
A_digitata,Mwaly196,2014,NA,Jean-Michel,-12.2806,43.7283
A_digitata,Mwaly197,2014,NA,Jean-Michel,-12.2804,43.728
A_digitata,Mwaly198,2014,NA,Jean-Michel,-12.2801,43.728
A_digitata,Mwaly199,2014,NA,Jean-Michel,-12.2799,43.7278
A_digitata,Mwaly2,2014,NA,Jean-Michel,-12.3749,43.8677
A_digitata,Mwaly20,2014,NA,Jean-Michel,-12.3732,43.8599
A_digitata,Mwaly200,2014,NA,Jean-Michel,-12.2799,43.7278
A_digitata,Mwaly201,2014,NA,Jean-Michel,-12.2798,43.7274
A_digitata,Mwaly202,2014,NA,Jean-Michel,-12.2798,43.7273
A_digitata,Mwaly203,2014,NA,Jean-Michel,-12.28,43.7285
A_digitata,Mwaly204,2014,NA,Jean-Michel,-12.28,43.7285
A_digitata,Mwaly205,2014,NA,Jean-Michel,-12.28,43.7285
A_digitata,Mwaly206,2014,NA,Jean-Michel,-12.2803,43.7288
A_digitata,Mwaly207,2014,NA,Jean-Michel,-12.2817,43.7308
A_digitata,Mwaly208,2014,NA,Jean-Michel,-12.3694,43.7181
A_digitata,Mwaly209,2014,NA,Jean-Michel,-12.2865,43.7326
A_digitata,Mwaly21,2014,NA,Jean-Michel,-12.3712,43.8576
A_digitata,Mwaly210,2014,NA,Jean-Michel,-12.3699,43.7188
A_digitata,Mwaly211,2014,NA,Jean-Michel,-12.2884,43.7375
A_digitata,Mwaly212,2014,NA,Jean-Michel,-12.3699,43.7189
A_digitata,Mwaly213,2014,NA,Jean-Michel,-12.2885,43.7376
A_digitata,Mwaly214,2014,NA,Jean-Michel,-12.2885,43.7376
A_digitata,Mwaly215,2014,NA,Jean-Michel,-12.2885,43.7376
A_digitata,Mwaly216,2014,NA,Jean-Michel,-12.3699,43.719
A_digitata,Mwaly217,2014,NA,Jean-Michel,-12.2889,43.738
A_digitata,Mwaly218,2014,NA,Jean-Michel,-12.3699,43.719
A_digitata,Mwaly219,2014,NA,Jean-Michel,-12.289,43.738
A_digitata,Mwaly22,2014,NA,Jean-Michel,-12.3773,43.8604
A_digitata,Mwaly220,2014,NA,Jean-Michel,-12.3695,43.7239
A_digitata,Mwaly221,2014,NA,Jean-Michel,-12.2904,43.7409
A_digitata,Mwaly222,2014,NA,Jean-Michel,-12.2904,43.7409
A_digitata,Mwaly223,2014,NA,Jean-Michel,-12.2907,43.7408
A_digitata,Mwaly224,2014,NA,Jean-Michel,-12.2907,43.7408
A_digitata,Mwaly225,2014,NA,Jean-Michel,-12.2907,43.7408
A_digitata,Mwaly226,2014,NA,Jean-Michel,-12.2907,43.7408
A_digitata,Mwaly227,2014,NA,Jean-Michel,-12.2908,43.7408
A_digitata,Mwaly228,2014,NA,Jean-Michel,-12.2907,43.7408
A_digitata,Mwaly229,2014,NA,Jean-Michel,-12.2915,43.74
A_digitata,Mwaly23,2014,NA,Jean-Michel,-12.3796,43.8511
A_digitata,Mwaly230,2014,NA,Jean-Michel,-12.2921,43.7411
A_digitata,Mwaly231,2014,NA,Jean-Michel,-12.2925,43.742
A_digitata,Mwaly232,2014,NA,Jean-Michel,-12.2925,43.7426
A_digitata,Mwaly233,2014,NA,Jean-Michel,-12.2933,43.7441
A_digitata,Mwaly234,2014,NA,Jean-Michel,-12.293,43.7463
A_digitata,Mwaly235,2014,NA,Jean-Michel,-12.2934,43.7464
A_digitata,Mwaly236,2014,NA,Jean-Michel,-12.2935,43.7492
A_digitata,Mwaly237,2014,NA,Jean-Michel,-12.2944,43.7488
A_digitata,Mwaly238,2014,NA,Jean-Michel,-12.294,43.748
A_digitata,Mwaly239,2014,NA,Jean-Michel,-12.2938,43.7477
A_digitata,Mwaly24,2014,NA,Jean-Michel,-12.3796,43.8511
A_digitata,Mwaly240,2014,NA,Jean-Michel,-12.2914,43.7485
A_digitata,Mwaly241,2014,NA,Jean-Michel,-12.2883,43.7509
A_digitata,Mwaly242,2014,NA,Jean-Michel,-12.2883,43.7509
A_digitata,Mwaly243,2014,NA,Jean-Michel,-12.2874,43.7504
A_digitata,Mwaly244,2014,NA,Jean-Michel,-12.2867,43.7499
A_digitata,Mwaly245,2014,NA,Jean-Michel,-12.2867,43.7499
A_digitata,Mwaly246,2014,NA,Jean-Michel,-12.285,43.7469
A_digitata,Mwaly247,2014,NA,Jean-Michel,-12.2848,43.7467
A_digitata,Mwaly248,2014,NA,Jean-Michel,-12.2839,43.7447
A_digitata,Mwaly249,2014,NA,Jean-Michel,-12.2849,43.7454
A_digitata,Mwaly25,2014,NA,Jean-Michel,-12.3796,43.8511
A_digitata,Mwaly250,2014,NA,Jean-Michel,-12.2856,43.7456
A_digitata,Mwaly251,2014,NA,Jean-Michel,-12.3153,43.7847
A_digitata,Mwaly252,2014,NA,Jean-Michel,-12.3678,43.7824
A_digitata,Mwaly253,2014,NA,Jean-Michel,-12.3678,43.7814
A_digitata,Mwaly254,2014,NA,Jean-Michel,-12.3678,43.776
A_digitata,Mwaly255,2014,NA,Jean-Michel,-12.3662,43.7702
A_digitata,Mwaly256,2014,NA,Jean-Michel,-12.3463,43.6701
A_digitata,Mwaly257,2014,NA,Jean-Michel,-12.3261,43.6639
A_digitata,Mwaly258,2014,NA,Jean-Michel,-12.3261,43.6639
A_digitata,Mwaly259,2014,NA,Jean-Michel,-12.3474,43.6697
A_digitata,Mwaly26,2014,NA,Jean-Michel,-12.3796,43.8511
A_digitata,Mwaly260,2014,NA,Jean-Michel,-12.3459,43.6858
A_digitata,Mwaly261,2014,NA,Jean-Michel,-12.3452,43.6865
A_digitata,Mwaly262,2014,NA,Jean-Michel,-12.3065,43.7789
A_digitata,Mwaly263,2014,NA,Jean-Michel,-12.3055,43.7772
A_digitata,Mwaly264,2014,NA,Jean-Michel,-12.3062,43.7762
A_digitata,Mwaly265,2014,NA,Jean-Michel,-12.2938,43.757
A_digitata,Mwaly266,2014,NA,Jean-Michel,-12.2924,43.7542
A_digitata,Mwaly267,2014,NA,Jean-Michel,-12.3718,43.8686
A_digitata,Mwaly268,2014,NA,Jean-Michel,-12.372,43.869
A_digitata,Mwaly269,2014,NA,Jean-Michel,-12.3721,43.8687
A_digitata,Mwaly27,2014,NA,Jean-Michel,-12.3779,43.8515
A_digitata,Mwaly270,2014,NA,Jean-Michel,-12.3721,43.8687
A_digitata,Mwaly271,2014,NA,Jean-Michel,-12.3722,43.8687
A_digitata,Mwaly272,2014,NA,Jean-Michel,-12.3722,43.8687
A_digitata,Mwaly273,2014,NA,Jean-Michel,-12.3723,43.8686
A_digitata,Mwaly274,2014,NA,Jean-Michel,-12.3723,43.8686
A_digitata,Mwaly275,2014,NA,Jean-Michel,-12.3723,43.8686
A_digitata,Mwaly276,2014,NA,Jean-Michel,-12.3728,43.869
A_digitata,Mwaly277,2014,NA,Jean-Michel,-12.3728,43.869
A_digitata,Mwaly278,2014,NA,Jean-Michel,-12.3728,43.869
A_digitata,Mwaly279,2014,NA,Jean-Michel,-12.3731,43.8687
A_digitata,Mwaly28,2014,NA,Jean-Michel,-12.3767,43.8521
A_digitata,Mwaly280,2014,NA,Jean-Michel,-12.373,43.8687
A_digitata,Mwaly281,2014,NA,Jean-Michel,-12.3822,43.8511
A_digitata,Mwaly282,2014,NA,Jean-Michel,-12.3822,43.8511
A_digitata,Mwaly283,2014,NA,Jean-Michel,-12.3823,43.8509
A_digitata,Mwaly284,2014,NA,Jean-Michel,-12.3822,43.8509
A_digitata,Mwaly285,2014,NA,Jean-Michel,-12.3821,43.8509
A_digitata,Mwaly286,2014,NA,Jean-Michel,-12.3821,43.8512
A_digitata,Mwaly287,2014,NA,Jean-Michel,-12.3822,43.8511
A_digitata,Mwaly288,2014,NA,Jean-Michel,-12.3823,43.851
A_digitata,Mwaly289,2014,NA,Jean-Michel,-12.3822,43.8509
A_digitata,Mwaly29,2014,NA,Jean-Michel,-12.3767,43.8521
A_digitata,Mwaly290,2014,NA,Jean-Michel,-12.3822,43.8509
A_digitata,Mwaly291,2014,NA,Jean-Michel,-12.3821,43.8509
A_digitata,Mwaly292,2014,NA,Jean-Michel,-12.3818,43.851
A_digitata,Mwaly293,2014,NA,Jean-Michel,-12.3813,43.8512
A_digitata,Mwaly294,2014,NA,Jean-Michel,-12.3805,43.8516
A_digitata,Mwaly295,2014,NA,Jean-Michel,-12.3803,43.8513
A_digitata,Mwaly296,2014,NA,Jean-Michel,-12.3813,43.8511
A_digitata,Mwaly297,2014,NA,Jean-Michel,-12.381,43.8509
A_digitata,Mwaly298,2014,NA,Jean-Michel,-12.3812,43.8508
A_digitata,Mwaly299,2014,NA,Jean-Michel,-12.3812,43.8511
A_digitata,Mwaly3,2014,NA,Jean-Michel,-12.3755,43.8678
A_digitata,Mwaly30,2014,NA,Jean-Michel,-12.3731,43.8517
A_digitata,Mwaly300,2014,NA,Jean-Michel,-12.3813,43.8512
A_digitata,Mwaly301,2014,NA,Jean-Michel,-12.3813,43.8512
A_digitata,Mwaly302,2014,NA,Jean-Michel,-12.3814,43.8514
A_digitata,Mwaly303,2014,NA,Jean-Michel,-12.3714,43.8612
A_digitata,Mwaly304,2014,NA,Jean-Michel,-12.373,43.8683
A_digitata,Mwaly305,2014,NA,Jean-Michel,-12.3732,43.8685
A_digitata,Mwaly306,2014,NA,Jean-Michel,-12.3767,43.8387
A_digitata,Mwaly307,2014,NA,Jean-Michel,-12.3774,43.8388
A_digitata,Mwaly308,2014,NA,Jean-Michel,-12.3781,43.8389
A_digitata,Mwaly309,2014,NA,Jean-Michel,-12.3447,43.8012
A_digitata,Mwaly31,2014,NA,Jean-Michel,-12.3728,43.8515
A_digitata,Mwaly32,2014,NA,Jean-Michel,-12.3728,43.8515
A_digitata,Mwaly33,2014,NA,Jean-Michel,-12.3728,43.8515
A_digitata,Mwaly34,2014,NA,Jean-Michel,-12.3728,43.8515
A_digitata,Mwaly35,2014,NA,Jean-Michel,-12.3725,43.8517
A_digitata,Mwaly36,2014,NA,Jean-Michel,-12.3725,43.8517
A_digitata,Mwaly37,2014,NA,Jean-Michel,-12.3722,43.8511
A_digitata,Mwaly38,2014,NA,Jean-Michel,-12.3722,43.8511
A_digitata,Mwaly39,2014,NA,Jean-Michel,-12.3722,43.8511
A_digitata,Mwaly4,2014,NA,Jean-Michel,-12.3764,43.8674
A_digitata,Mwaly40,2014,NA,Jean-Michel,-12.3722,43.8511
A_digitata,Mwaly41,2014,NA,Jean-Michel,-12.3427,43.8472
A_digitata,Mwaly42,2014,NA,Jean-Michel,-12.341,43.8405
A_digitata,Mwaly43,2014,NA,Jean-Michel,-12.3828,43.8402
A_digitata,Mwaly44,2014,NA,Jean-Michel,-12.3822,43.8402
A_digitata,Mwaly45,2014,NA,Jean-Michel,-12.3801,43.8376
A_digitata,Mwaly46,2014,NA,Jean-Michel,-12.3803,43.8374
A_digitata,Mwaly47,2014,NA,Jean-Michel,-12.3806,43.8374
A_digitata,Mwaly48,2014,NA,Jean-Michel,-12.347,43.6681
A_digitata,Mwaly49,2014,NA,Jean-Michel,-12.3487,43.6688
A_digitata,Mwaly5,2014,NA,Jean-Michel,-12.381,43.867
A_digitata,Mwaly50,2014,NA,Jean-Michel,-12.3909,43.7038
A_digitata,Mwaly51,2014,NA,Jean-Michel,-12.391,43.7037
A_digitata,Mwaly52,2014,NA,Jean-Michel,-12.3909,43.7037
A_digitata,Mwaly53,2014,NA,Jean-Michel,-12.3912,43.7036
A_digitata,Mwaly54,2014,NA,Jean-Michel,-12.3912,43.7036
A_digitata,Mwaly55,2014,NA,Jean-Michel,-12.3915,43.7038
A_digitata,Mwaly56,2014,NA,Jean-Michel,-12.3915,43.7038
A_digitata,Mwaly57,2014,NA,Jean-Michel,-12.3915,43.7044
A_digitata,Mwaly58,2014,NA,Jean-Michel,-12.3914,43.7047
A_digitata,Mwaly59,2014,NA,Jean-Michel,-12.3914,43.7048
A_digitata,Mwaly6,2014,NA,Jean-Michel,-12.3812,43.8501
A_digitata,Mwaly60,2014,NA,Jean-Michel,-12.3915,43.7048
A_digitata,Mwaly61,2014,NA,Jean-Michel,-12.3915,43.7048
A_digitata,Mwaly62,2014,NA,Jean-Michel,-12.3916,43.7048
A_digitata,Mwaly63,2014,NA,Jean-Michel,-12.3916,43.7051
A_digitata,Mwaly64,2014,NA,Jean-Michel,-12.3915,43.7051
A_digitata,Mwaly65,2014,NA,Jean-Michel,-12.3916,43.7051
A_digitata,Mwaly66,2014,NA,Jean-Michel,-12.3915,43.7051
A_digitata,Mwaly67,2014,NA,Jean-Michel,-12.3915,43.7051
A_digitata,Mwaly68,2014,NA,Jean-Michel,-12.3916,43.7051
A_digitata,Mwaly69,2014,NA,Jean-Michel,-12.3916,43.7051
A_digitata,Mwaly7,2014,NA,Jean-Michel,-12.3812,43.8501
A_digitata,Mwaly70,2014,NA,Jean-Michel,-12.3917,43.7049
A_digitata,Mwaly71,2014,NA,Jean-Michel,-12.3917,43.7049
A_digitata,Mwaly72,2014,NA,Jean-Michel,-12.3917,43.7052
A_digitata,Mwaly73,2014,NA,Jean-Michel,-12.3916,43.7052
A_digitata,Mwaly74,2014,NA,Jean-Michel,-12.3915,43.7052
A_digitata,Mwaly75,2014,NA,Jean-Michel,-12.392,43.7055
A_digitata,Mwaly76,2014,NA,Jean-Michel,-12.3922,43.7059
A_digitata,Mwaly77,2014,NA,Jean-Michel,-12.3921,43.706
A_digitata,Mwaly78,2014,NA,Jean-Michel,-12.3932,43.7087
A_digitata,Mwaly79,2014,NA,Jean-Michel,-12.3601,43.7548
A_digitata,Mwaly8,2014,NA,Jean-Michel,-12.3819,43.8523
A_digitata,Mwaly80,2014,NA,Jean-Michel,-12.3932,43.7087
A_digitata,Mwaly81,2014,NA,Jean-Michel,-12.3143,43.7856
A_digitata,Mwaly82,2014,NA,Jean-Michel,-12.2874,43.7432
A_digitata,Mwaly83,2014,NA,Jean-Michel,-12.2874,43.7432
A_digitata,Mwaly84,2014,NA,Jean-Michel,-12.2586,43.6767
A_digitata,Mwaly85,2014,NA,Jean-Michel,-12.2586,43.6767
A_digitata,Mwaly86,2014,NA,Jean-Michel,-12.2586,43.6767
A_digitata,Mwaly87,2014,NA,Jean-Michel,-12.2555,43.6472
A_digitata,Mwaly88,2014,NA,Jean-Michel,-12.2584,43.6412
A_digitata,Mwaly89,2014,NA,Jean-Michel,-12.2584,43.6412
A_digitata,Mwaly9,2014,NA,Jean-Michel,-12.3821,43.8512
A_digitata,Mwaly90,2014,NA,Jean-Michel,-12.2581,43.6405
A_digitata,Mwaly91,2014,NA,Jean-Michel,-12.258,43.6406
A_digitata,Mwaly92,2014,NA,Jean-Michel,-12.2613,43.687
A_digitata,Mwaly93,2014,NA,Jean-Michel,-12.2613,43.687
A_digitata,Mwaly94,2014,NA,Jean-Michel,-12.2613,43.687
A_digitata,Mwaly95,2014,NA,Jean-Michel,-12.261,43.687
A_digitata,Mwaly96,2014,NA,Jean-Michel,-12.2609,43.6871
A_digitata,Mwaly97,2014,NA,Jean-Michel,-12.2611,43.6878
A_digitata,Mwaly98,2014,NA,Jean-Michel,-12.2612,43.6878
A_digitata,Mwaly99,2014,NA,Jean-Michel,-12.2611,43.6879
A_digitata,Ndzouani1,2014,NA,Jean-Michel,-12.1939,44.5176
A_digitata,Ndzouani10,2014,NA,Jean-Michel,-12.1766,44.5064
A_digitata,Ndzouani100,2014,NA,Jean-Michel,-12.3766,44.4943
A_digitata,Ndzouani101,2014,NA,Jean-Michel,-12.3771,44.4935
A_digitata,Ndzouani102,2014,NA,Jean-Michel,-12.3745,44.4917
A_digitata,Ndzouani103,2014,NA,Jean-Michel,-12.3746,44.4917
A_digitata,Ndzouani104,2014,NA,Jean-Michel,-12.3746,44.4917
A_digitata,Ndzouani105,2014,NA,Jean-Michel,-12.3752,44.4937
A_digitata,Ndzouani106,2014,NA,Jean-Michel,-12.3752,44.4937
A_digitata,Ndzouani107,2014,NA,Jean-Michel,-12.3758,44.4958
A_digitata,Ndzouani108,2014,NA,Jean-Michel,-12.3758,44.4958
A_digitata,Ndzouani109,2014,NA,Jean-Michel,-12.3758,44.4958
A_digitata,Ndzouani11,2014,NA,Jean-Michel,-12.1766,44.5064
A_digitata,Ndzouani110,2014,NA,Jean-Michel,-12.3758,44.4958
A_digitata,Ndzouani111,2014,NA,Jean-Michel,-12.376,44.4957
A_digitata,Ndzouani112,2014,NA,Jean-Michel,-12.376,44.4956
A_digitata,Ndzouani113,2014,NA,Jean-Michel,-12.3749,44.4962
A_digitata,Ndzouani114,2014,NA,Jean-Michel,-12.3749,44.4962
A_digitata,Ndzouani115,2014,NA,Jean-Michel,-12.3749,44.4962
A_digitata,Ndzouani116,2014,NA,Jean-Michel,-12.3732,44.5
A_digitata,Ndzouani117,2014,NA,Jean-Michel,-12.3709,44.5014
A_digitata,Ndzouani118,2014,NA,Jean-Michel,-12.3713,44.5043
A_digitata,Ndzouani119,2014,NA,Jean-Michel,-12.3706,44.5044
A_digitata,Ndzouani12,2014,NA,Jean-Michel,-12.1586,44.4989
A_digitata,Ndzouani120,2014,NA,Jean-Michel,-12.3713,44.5052
A_digitata,Ndzouani121,2014,NA,Jean-Michel,-12.3708,44.5054
A_digitata,Ndzouani122,2014,NA,Jean-Michel,-12.3699,44.5046
A_digitata,Ndzouani123,2014,NA,Jean-Michel,-12.3692,44.5047
A_digitata,Ndzouani124,2014,NA,Jean-Michel,-12.3689,44.5035
A_digitata,Ndzouani125,2014,NA,Jean-Michel,-12.369,44.5035
A_digitata,Ndzouani126,2014,NA,Jean-Michel,-12.3686,44.5033
A_digitata,Ndzouani127,2014,NA,Jean-Michel,-12.3684,44.503
A_digitata,Ndzouani128,2014,NA,Jean-Michel,-12.3681,44.5028
A_digitata,Ndzouani129,2014,NA,Jean-Michel,-12.3681,44.5028
A_digitata,Ndzouani13,2014,NA,Jean-Michel,-12.1219,44.488
A_digitata,Ndzouani130,2014,NA,Jean-Michel,-12.3678,44.5026
A_digitata,Ndzouani131,2014,NA,Jean-Michel,-12.3677,44.5026
A_digitata,Ndzouani132,2014,NA,Jean-Michel,-12.3679,44.5027
A_digitata,Ndzouani133,2014,NA,Jean-Michel,-12.368,44.503
A_digitata,Ndzouani134,2014,NA,Jean-Michel,-12.368,44.503
A_digitata,Ndzouani135,2014,NA,Jean-Michel,-12.2806,44.5237
A_digitata,Ndzouani136,2014,NA,Jean-Michel,-12.2807,44.5222
A_digitata,Ndzouani137,2014,NA,Jean-Michel,-12.2807,44.5222
A_digitata,Ndzouani138,2014,NA,Jean-Michel,-12.2802,44.5245
A_digitata,Ndzouani139,2014,NA,Jean-Michel,-12.2798,44.5227
A_digitata,Ndzouani14,2014,NA,Jean-Michel,-12.1219,44.4881
A_digitata,Ndzouani140,2014,NA,Jean-Michel,-12.2798,44.5227
A_digitata,Ndzouani141,2014,NA,Jean-Michel,-12.2798,44.5227
A_digitata,Ndzouani142,2014,NA,Jean-Michel,-12.2798,44.5227
A_digitata,Ndzouani15,2014,NA,Jean-Michel,-12.1215,44.4894
A_digitata,Ndzouani16,2014,NA,Jean-Michel,-12.1177,44.4858
A_digitata,Ndzouani17,2014,NA,Jean-Michel,-12.1172,44.4849
A_digitata,Ndzouani18,2014,NA,Jean-Michel,-12.1172,44.4849
A_digitata,Ndzouani19,2014,NA,Jean-Michel,-12.1189,44.4838
A_digitata,Ndzouani2,2014,NA,Jean-Michel,-12.1801,44.5107
A_digitata,Ndzouani20,2014,NA,Jean-Michel,-12.1188,44.4841
A_digitata,Ndzouani21,2014,NA,Jean-Michel,-12.3139,44.4401
A_digitata,Ndzouani22,2014,NA,Jean-Michel,-12.3138,44.4401
A_digitata,Ndzouani23,2014,NA,Jean-Michel,-12.3135,44.44
A_digitata,Ndzouani24,2014,NA,Jean-Michel,-12.2811,44.4039
A_digitata,Ndzouani25,2014,NA,Jean-Michel,-12.2811,44.4039
A_digitata,Ndzouani26,2014,NA,Jean-Michel,-12.2808,44.404
A_digitata,Ndzouani27,2014,NA,Jean-Michel,-12.2805,44.4043
A_digitata,Ndzouani28,2014,NA,Jean-Michel,-12.2805,44.4043
A_digitata,Ndzouani29,2014,NA,Jean-Michel,-12.2805,44.4043
A_digitata,Ndzouani3,2014,NA,Jean-Michel,-12.1796,44.5118
A_digitata,Ndzouani30,2014,NA,Jean-Michel,-12.2714,44.4104
A_digitata,Ndzouani31,2014,NA,Jean-Michel,-12.2714,44.4104
A_digitata,Ndzouani32,2014,NA,Jean-Michel,-12.2714,44.4104
A_digitata,Ndzouani33,2014,NA,Jean-Michel,-12.2714,44.4104
A_digitata,Ndzouani34,2014,NA,Jean-Michel,-12.2714,44.4104
A_digitata,Ndzouani35,2014,NA,Jean-Michel,-12.2739,44.3989
A_digitata,Ndzouani36,2014,NA,Jean-Michel,-12.2739,44.3989
A_digitata,Ndzouani37,2014,NA,Jean-Michel,-12.2739,44.3989
A_digitata,Ndzouani38,2014,NA,Jean-Michel,-12.2739,44.3989
A_digitata,Ndzouani39,2014,NA,Jean-Michel,-12.2657,44.3968
A_digitata,Ndzouani4,2014,NA,Jean-Michel,-12.1764,44.5065
A_digitata,Ndzouani40,2014,NA,Jean-Michel,-12.2359,44.3409
A_digitata,Ndzouani41,2014,NA,Jean-Michel,-12.2359,44.3406
A_digitata,Ndzouani42,2014,NA,Jean-Michel,-12.1917,44.2331
A_digitata,Ndzouani43,2014,NA,Jean-Michel,-12.1911,44.2307
A_digitata,Ndzouani44,2014,NA,Jean-Michel,-12.1906,44.2292
A_digitata,Ndzouani45,2014,NA,Jean-Michel,-12.19,44.2286
A_digitata,Ndzouani46,2014,NA,Jean-Michel,-12.1898,44.2275
A_digitata,Ndzouani47,2014,NA,Jean-Michel,-12.1898,44.2275
A_digitata,Ndzouani48,2014,NA,Jean-Michel,-12.1893,44.2268
A_digitata,Ndzouani49,2014,NA,Jean-Michel,-12.3652,44.503
A_digitata,Ndzouani5,2014,NA,Jean-Michel,-12.1766,44.5065
A_digitata,Ndzouani50,2014,NA,Jean-Michel,-12.365,44.4977
A_digitata,Ndzouani51,2014,NA,Jean-Michel,-12.3732,44.4999
A_digitata,Ndzouani52,2014,NA,Jean-Michel,-12.378,44.4976
A_digitata,Ndzouani53,2014,NA,Jean-Michel,-12.3793,44.4984
A_digitata,Ndzouani54,2014,NA,Jean-Michel,-12.2181,44.5174
A_digitata,Ndzouani55,2014,NA,Jean-Michel,-12.2204,44.517
A_digitata,Ndzouani56,2014,NA,Jean-Michel,-12.2089,44.5184
A_digitata,Ndzouani57,2014,NA,Jean-Michel,-12.2098,44.519
A_digitata,Ndzouani58,2014,NA,Jean-Michel,-12.2113,44.5189
A_digitata,Ndzouani59,2014,NA,Jean-Michel,-12.2113,44.5189
A_digitata,Ndzouani6,2014,NA,Jean-Michel,-12.1766,44.5064
A_digitata,Ndzouani60,2014,NA,Jean-Michel,-12.2113,44.5189
A_digitata,Ndzouani61,2014,NA,Jean-Michel,-12.213,44.5203
A_digitata,Ndzouani62,2014,NA,Jean-Michel,-12.2079,44.5181
A_digitata,Ndzouani63,2014,NA,Jean-Michel,-12.2041,44.5187
A_digitata,Ndzouani64,2014,NA,Jean-Michel,-12.2034,44.5185
A_digitata,Ndzouani65,2014,NA,Jean-Michel,-12.2037,44.5184
A_digitata,Ndzouani66,2014,NA,Jean-Michel,-12.2037,44.5184
A_digitata,Ndzouani67,2014,NA,Jean-Michel,-12.2037,44.5184
A_digitata,Ndzouani68,2014,NA,Jean-Michel,-12.3508,44.5265
A_digitata,Ndzouani69,2014,NA,Jean-Michel,-12.3577,44.5237
A_digitata,Ndzouani7,2014,NA,Jean-Michel,-12.1766,44.5064
A_digitata,Ndzouani70,2014,NA,Jean-Michel,-12.368,44.5135
A_digitata,Ndzouani71,2014,NA,Jean-Michel,-12.3724,44.5011
A_digitata,Ndzouani72,2014,NA,Jean-Michel,-12.3741,44.4993
A_digitata,Ndzouani73,2014,NA,Jean-Michel,-12.3782,44.506
A_digitata,Ndzouani74,2014,NA,Jean-Michel,-12.3782,44.506
A_digitata,Ndzouani75,2014,NA,Jean-Michel,-12.3808,44.5026
A_digitata,Ndzouani76,2014,NA,Jean-Michel,-12.3808,44.5026
A_digitata,Ndzouani77,2014,NA,Jean-Michel,-12.3804,44.5021
A_digitata,Ndzouani78,2014,NA,Jean-Michel,-12.3805,44.5022
A_digitata,Ndzouani79,2014,NA,Jean-Michel,-12.3802,44.5022
A_digitata,Ndzouani8,2014,NA,Jean-Michel,-12.1766,44.5064
A_digitata,Ndzouani80,2014,NA,Jean-Michel,-12.3802,44.5022
A_digitata,Ndzouani81,2014,NA,Jean-Michel,-12.3801,44.5022
A_digitata,Ndzouani82,2014,NA,Jean-Michel,-12.3803,44.502
A_digitata,Ndzouani83,2014,NA,Jean-Michel,-12.3791,44.5018
A_digitata,Ndzouani84,2014,NA,Jean-Michel,-12.3791,44.5018
A_digitata,Ndzouani85,2014,NA,Jean-Michel,-12.3792,44.5017
A_digitata,Ndzouani86,2014,NA,Jean-Michel,-12.38,44.5006
A_digitata,Ndzouani87,2014,NA,Jean-Michel,-12.3799,44.5002
A_digitata,Ndzouani88,2014,NA,Jean-Michel,-12.3792,44.4986
A_digitata,Ndzouani89,2014,NA,Jean-Michel,-12.3793,44.4984
A_digitata,Ndzouani9,2014,NA,Jean-Michel,-12.1766,44.5064
A_digitata,Ndzouani90,2014,NA,Jean-Michel,-12.3792,44.4984
A_digitata,Ndzouani91,2014,NA,Jean-Michel,-12.3787,44.4977
A_digitata,Ndzouani92,2014,NA,Jean-Michel,-12.3786,44.4978
A_digitata,Ndzouani93,2014,NA,Jean-Michel,-12.3781,44.4977
A_digitata,Ndzouani94,2014,NA,Jean-Michel,-12.3782,44.4974
A_digitata,Ndzouani95,2014,NA,Jean-Michel,-12.3783,44.4975
A_digitata,Ndzouani96,2014,NA,Jean-Michel,-12.3783,44.4973
A_digitata,Ndzouani97,2014,NA,Jean-Michel,-12.3782,44.4974
A_digitata,Ndzouani98,2014,NA,Jean-Michel,-12.3783,44.4974
A_digitata,Ndzouani99,2014,NA,Jean-Michel,-12.3771,44.4949
A_digitata,Ngazidja1,2014,NA,Jean-Michel,-11.5525,43.2773
A_digitata,Ngazidja10,2014,NA,Jean-Michel,-11.5525,43.2819
A_digitata,Ngazidja100,2014,NA,Jean-Michel,-11.8554,43.4926
A_digitata,Ngazidja101,2014,NA,Jean-Michel,-11.8556,43.4924
A_digitata,Ngazidja102,2014,NA,Jean-Michel,-11.8556,43.4924
A_digitata,Ngazidja103,2014,NA,Jean-Michel,-11.8557,43.4924
A_digitata,Ngazidja104,2014,NA,Jean-Michel,-11.8557,43.4924
A_digitata,Ngazidja105,2014,NA,Jean-Michel,-11.8557,43.4924
A_digitata,Ngazidja106,2014,NA,Jean-Michel,-11.8558,43.4925
A_digitata,Ngazidja107,2014,NA,Jean-Michel,-11.8544,43.4932
A_digitata,Ngazidja108,2014,NA,Jean-Michel,-11.8543,43.4834
A_digitata,Ngazidja109,2014,NA,Jean-Michel,-11.8545,43.4834
A_digitata,Ngazidja11,2014,NA,Jean-Michel,-11.7361,43.2469
A_digitata,Ngazidja110,2014,NA,Jean-Michel,-11.8539,43.4834
A_digitata,Ngazidja111,2014,NA,Jean-Michel,-11.8539,43.4834
A_digitata,Ngazidja112,2014,NA,Jean-Michel,-11.8537,43.4843
A_digitata,Ngazidja113,2014,NA,Jean-Michel,-11.854,43.4843
A_digitata,Ngazidja114,2014,NA,Jean-Michel,-11.854,43.4843
A_digitata,Ngazidja115,2014,NA,Jean-Michel,-11.8545,43.4842
A_digitata,Ngazidja116,2014,NA,Jean-Michel,-11.8545,43.4851
A_digitata,Ngazidja117,2014,NA,Jean-Michel,-11.8545,43.4888
A_digitata,Ngazidja118,2014,NA,Jean-Michel,-11.5922,43.3804
A_digitata,Ngazidja119,2014,NA,Jean-Michel,-11.5804,43.3871
A_digitata,Ngazidja12,2014,NA,Jean-Michel,-11.5518,43.2823
A_digitata,Ngazidja120,2014,NA,Jean-Michel,-11.5796,43.3872
A_digitata,Ngazidja121,2014,NA,Jean-Michel,-11.5715,43.3884
A_digitata,Ngazidja122,2014,NA,Jean-Michel,-11.5587,43.389
A_digitata,Ngazidja123,2014,NA,Jean-Michel,-11.5229,43.3853
A_digitata,Ngazidja124,2014,NA,Jean-Michel,-11.5229,43.3853
A_digitata,Ngazidja125,2014,NA,Jean-Michel,-11.5211,43.3863
A_digitata,Ngazidja126,2014,NA,Jean-Michel,-11.5157,43.3866
A_digitata,Ngazidja127,2014,NA,Jean-Michel,-11.5043,43.3887
A_digitata,Ngazidja128,2014,NA,Jean-Michel,-11.503,43.3887
A_digitata,Ngazidja129,2014,NA,Jean-Michel,-11.5839,43.3874
A_digitata,Ngazidja13,2014,NA,Jean-Michel,-11.7361,43.2467
A_digitata,Ngazidja130,2014,NA,Jean-Michel,-11.4969,43.3877
A_digitata,Ngazidja131,2014,NA,Jean-Michel,-11.4876,43.39
A_digitata,Ngazidja132,2014,NA,Jean-Michel,-11.4835,43.3934
A_digitata,Ngazidja133,2014,NA,Jean-Michel,-11.4949,43.3973
A_digitata,Ngazidja134,2014,NA,Jean-Michel,-11.4939,43.3972
A_digitata,Ngazidja135,2014,NA,Jean-Michel,-11.4937,43.3969
A_digitata,Ngazidja136,2014,NA,Jean-Michel,-11.4928,43.3968
A_digitata,Ngazidja137,2014,NA,Jean-Michel,-11.4924,43.3954
A_digitata,Ngazidja138,2014,NA,Jean-Michel,-11.4943,43.3963
A_digitata,Ngazidja139,2014,NA,Jean-Michel,-11.4942,43.3969
A_digitata,Ngazidja14,2014,NA,Jean-Michel,-11.5519,43.2829
A_digitata,Ngazidja140,2014,NA,Jean-Michel,-11.4942,43.3969
A_digitata,Ngazidja141,2014,NA,Jean-Michel,-11.4953,43.3963
A_digitata,Ngazidja142,2014,NA,Jean-Michel,-11.4953,43.396
A_digitata,Ngazidja143,2014,NA,Jean-Michel,-11.4954,43.3966
A_digitata,Ngazidja144,2014,NA,Jean-Michel,-11.4959,43.3964
A_digitata,Ngazidja145,2014,NA,Jean-Michel,-11.4958,43.3973
A_digitata,Ngazidja146,2014,NA,Jean-Michel,-11.496,43.3973
A_digitata,Ngazidja147,2014,NA,Jean-Michel,-11.4964,43.3968
A_digitata,Ngazidja148,2014,NA,Jean-Michel,-11.4967,43.3968
A_digitata,Ngazidja149,2014,NA,Jean-Michel,-11.4967,43.3963
A_digitata,Ngazidja15,2014,NA,Jean-Michel,-11.3869,43.2963
A_digitata,Ngazidja150,2014,NA,Jean-Michel,-11.4972,43.3963
A_digitata,Ngazidja151,2014,NA,Jean-Michel,-11.4969,43.3966
A_digitata,Ngazidja152,2014,NA,Jean-Michel,-11.4963,43.3976
A_digitata,Ngazidja153,2014,NA,Jean-Michel,-11.4968,43.3973
A_digitata,Ngazidja154,2014,NA,Jean-Michel,-11.4967,43.3983
A_digitata,Ngazidja155,2014,NA,Jean-Michel,-11.497,43.3985
A_digitata,Ngazidja156,2014,NA,Jean-Michel,-11.4971,43.3984
A_digitata,Ngazidja157,2014,NA,Jean-Michel,-11.4973,43.3984
A_digitata,Ngazidja158,2014,NA,Jean-Michel,-11.497,43.398
A_digitata,Ngazidja159,2014,NA,Jean-Michel,-11.498,43.3984
A_digitata,Ngazidja16,2014,NA,Jean-Michel,-11.5518,43.2828
A_digitata,Ngazidja160,2014,NA,Jean-Michel,-11.4995,43.3982
A_digitata,Ngazidja161,2014,NA,Jean-Michel,-11.5067,43.401
A_digitata,Ngazidja162,2014,NA,Jean-Michel,-11.8777,43.4063
A_digitata,Ngazidja163,2014,NA,Jean-Michel,-11.8529,43.3404
A_digitata,Ngazidja164,2014,NA,Jean-Michel,-11.8529,43.3404
A_digitata,Ngazidja165,2014,NA,Jean-Michel,-11.8528,43.3401
A_digitata,Ngazidja166,2014,NA,Jean-Michel,-11.853,43.3399
A_digitata,Ngazidja167,2014,NA,Jean-Michel,-11.5859,43.2788
A_digitata,Ngazidja168,2014,NA,Jean-Michel,-11.8526,43.3401
A_digitata,Ngazidja169,2014,NA,Jean-Michel,-11.3934,43.2984
A_digitata,Ngazidja17,2014,NA,Jean-Michel,-11.3876,43.2968
A_digitata,Ngazidja170,2014,NA,Jean-Michel,-11.5865,43.2788
A_digitata,Ngazidja171,2014,NA,Jean-Michel,-11.8521,43.3402
A_digitata,Ngazidja172,2014,NA,Jean-Michel,-11.3948,43.2985
A_digitata,Ngazidja173,2014,NA,Jean-Michel,-11.3948,43.2985
A_digitata,Ngazidja174,2014,NA,Jean-Michel,-11.5865,43.2788
A_digitata,Ngazidja175,2014,NA,Jean-Michel,-11.3947,43.299
A_digitata,Ngazidja176,2014,NA,Jean-Michel,-11.5866,43.2789
A_digitata,Ngazidja177,2014,NA,Jean-Michel,-11.3949,43.2991
A_digitata,Ngazidja178,2014,NA,Jean-Michel,-11.3969,43.3001
A_digitata,Ngazidja179,2014,NA,Jean-Michel,-11.6032,43.2622
A_digitata,Ngazidja18,2014,NA,Jean-Michel,-11.5522,43.2832
A_digitata,Ngazidja180,2014,NA,Jean-Michel,-11.3971,43.3021
A_digitata,Ngazidja181,2014,NA,Jean-Michel,-11.6033,43.2622
A_digitata,Ngazidja182,2014,NA,Jean-Michel,-11.398,43.2996
A_digitata,Ngazidja183,2014,NA,Jean-Michel,-11.6033,43.2623
A_digitata,Ngazidja184,2014,NA,Jean-Michel,-11.586,43.2788
A_digitata,Ngazidja185,2014,NA,Jean-Michel,-11.4022,43.3024
A_digitata,Ngazidja186,2014,NA,Jean-Michel,-11.4026,43.3021
A_digitata,Ngazidja187,2014,NA,Jean-Michel,-11.4023,43.3019
A_digitata,Ngazidja188,2014,NA,Jean-Michel,-11.9097,43.4451
A_digitata,Ngazidja189,2014,NA,Jean-Michel,-11.4018,43.3046
A_digitata,Ngazidja19,2014,NA,Jean-Michel,-11.3884,43.2965
A_digitata,Ngazidja190,2014,NA,Jean-Michel,-11.9101,43.4452
A_digitata,Ngazidja191,2014,NA,Jean-Michel,-11.4064,43.3102
A_digitata,Ngazidja192,2014,NA,Jean-Michel,-11.9102,43.4452
A_digitata,Ngazidja193,2014,NA,Jean-Michel,-11.8798,43.4203
A_digitata,Ngazidja194,2014,NA,Jean-Michel,-11.9091,43.4449
A_digitata,Ngazidja195,2014,NA,Jean-Michel,-11.9093,43.4443
A_digitata,Ngazidja196,2014,NA,Jean-Michel,-11.8805,43.4208
A_digitata,Ngazidja197,2014,NA,Jean-Michel,-11.4043,43.3251
A_digitata,Ngazidja198,2014,NA,Jean-Michel,-11.9068,43.4461
A_digitata,Ngazidja199,2014,NA,Jean-Michel,-11.8805,43.4206
A_digitata,Ngazidja2,2014,NA,Jean-Michel,-11.3824,43.3253
A_digitata,Ngazidja20,2014,NA,Jean-Michel,-11.5522,43.2832
A_digitata,Ngazidja200,2014,NA,Jean-Michel,-11.3782,43.3385
A_digitata,Ngazidja201,2014,NA,Jean-Michel,-11.9062,43.4446
A_digitata,Ngazidja202,2014,NA,Jean-Michel,-11.3782,43.3385
A_digitata,Ngazidja203,2014,NA,Jean-Michel,-11.9062,43.4444
A_digitata,Ngazidja204,2014,NA,Jean-Michel,-11.3782,43.3385
A_digitata,Ngazidja205,2014,NA,Jean-Michel,-11.9063,43.4444
A_digitata,Ngazidja206,2014,NA,Jean-Michel,-11.8808,43.4203
A_digitata,Ngazidja207,2014,NA,Jean-Michel,-11.3833,43.3416
A_digitata,Ngazidja208,2014,NA,Jean-Michel,-11.9056,43.4442
A_digitata,Ngazidja209,2014,NA,Jean-Michel,-11.8651,43.3949
A_digitata,Ngazidja21,2014,NA,Jean-Michel,-11.3869,43.3008
A_digitata,Ngazidja210,2014,NA,Jean-Michel,-11.3826,43.3409
A_digitata,Ngazidja211,2014,NA,Jean-Michel,-11.9067,43.4442
A_digitata,Ngazidja212,2014,NA,Jean-Michel,-11.3795,43.3735
A_digitata,Ngazidja213,2014,NA,Jean-Michel,-11.9067,43.4442
A_digitata,Ngazidja214,2014,NA,Jean-Michel,-11.3984,43.3737
A_digitata,Ngazidja215,2014,NA,Jean-Michel,-11.9055,43.4444
A_digitata,Ngazidja216,2014,NA,Jean-Michel,-11.4019,43.3763
A_digitata,Ngazidja217,2014,NA,Jean-Michel,-11.3792,43.3399
A_digitata,Ngazidja218,2014,NA,Jean-Michel,-11.9055,43.4447
A_digitata,Ngazidja219,2014,NA,Jean-Michel,-11.3793,43.3735
A_digitata,Ngazidja22,2014,NA,Jean-Michel,-11.5522,43.27
A_digitata,Ngazidja220,2014,NA,Jean-Michel,-11.3783,43.3389
A_digitata,Ngazidja221,2014,NA,Jean-Michel,-11.9056,43.4448
A_digitata,Ngazidja222,2014,NA,Jean-Michel,-11.3785,43.3736
A_digitata,Ngazidja223,2014,NA,Jean-Michel,-11.3784,43.3388
A_digitata,Ngazidja224,2014,NA,Jean-Michel,-11.3784,43.3388
A_digitata,Ngazidja225,2014,NA,Jean-Michel,-11.3784,43.3388
A_digitata,Ngazidja226,2014,NA,Jean-Michel,-11.9054,43.4444
A_digitata,Ngazidja227,2014,NA,Jean-Michel,-11.3771,43.3745
A_digitata,Ngazidja228,2014,NA,Jean-Michel,-11.3783,43.3387
A_digitata,Ngazidja229,2014,NA,Jean-Michel,-11.3783,43.3387
A_digitata,Ngazidja23,2014,NA,Jean-Michel,-11.3846,43.305
A_digitata,Ngazidja230,2014,NA,Jean-Michel,-11.3783,43.3387
A_digitata,Ngazidja231,2014,NA,Jean-Michel,-11.9059,43.4435
A_digitata,Ngazidja232,2014,NA,Jean-Michel,-11.3764,43.3743
A_digitata,Ngazidja233,2014,NA,Jean-Michel,-11.3782,43.3385
A_digitata,Ngazidja234,2014,NA,Jean-Michel,-11.9055,43.4427
A_digitata,Ngazidja235,2014,NA,Jean-Michel,-11.375,43.3746
A_digitata,Ngazidja236,2014,NA,Jean-Michel,-11.9042,43.4422
A_digitata,Ngazidja237,2014,NA,Jean-Michel,-11.3743,43.3739
A_digitata,Ngazidja238,2014,NA,Jean-Michel,-11.9044,43.4416
A_digitata,Ngazidja239,2014,NA,Jean-Michel,-11.3737,43.3731
A_digitata,Ngazidja24,2014,NA,Jean-Michel,-11.5514,43.2782
A_digitata,Ngazidja240,2014,NA,Jean-Michel,-11.9043,43.4406
A_digitata,Ngazidja241,2014,NA,Jean-Michel,-11.3751,43.3725
A_digitata,Ngazidja242,2014,NA,Jean-Michel,-11.9037,43.4405
A_digitata,Ngazidja243,2014,NA,Jean-Michel,-11.3749,43.3712
A_digitata,Ngazidja244,2014,NA,Jean-Michel,-11.9037,43.4455
A_digitata,Ngazidja245,2014,NA,Jean-Michel,-11.3753,43.3711
A_digitata,Ngazidja246,2014,NA,Jean-Michel,-11.9037,43.4455
A_digitata,Ngazidja247,2014,NA,Jean-Michel,-11.3756,43.371
A_digitata,Ngazidja248,2014,NA,Jean-Michel,-11.9037,43.4455
A_digitata,Ngazidja249,2014,NA,Jean-Michel,-11.9037,43.4455
A_digitata,Ngazidja25,2014,NA,Jean-Michel,-11.3835,43.3047
A_digitata,Ngazidja250,2014,NA,Jean-Michel,-11.9037,43.4455
A_digitata,Ngazidja251,2014,NA,Jean-Michel,-11.9037,43.4455
A_digitata,Ngazidja252,2014,NA,Jean-Michel,-11.3678,43.3653
A_digitata,Ngazidja253,2014,NA,Jean-Michel,-11.3719,43.3644
A_digitata,Ngazidja254,2014,NA,Jean-Michel,-11.372,43.3587
A_digitata,Ngazidja255,2014,NA,Jean-Michel,-11.3722,43.3592
A_digitata,Ngazidja256,2014,NA,Jean-Michel,-11.3739,43.3561
A_digitata,Ngazidja257,2014,NA,Jean-Michel,-11.3749,43.3592
A_digitata,Ngazidja258,2014,NA,Jean-Michel,-11.3749,43.3592
A_digitata,Ngazidja259,2014,NA,Jean-Michel,-11.3749,43.3592
A_digitata,Ngazidja26,2014,NA,Jean-Michel,-11.5539,43.2796
A_digitata,Ngazidja260,2014,NA,Jean-Michel,-11.3743,43.3556
A_digitata,Ngazidja261,2014,NA,Jean-Michel,-11.379,43.3346
A_digitata,Ngazidja262,2014,NA,Jean-Michel,-11.379,43.3346
A_digitata,Ngazidja263,2014,NA,Jean-Michel,-11.379,43.3346
A_digitata,Ngazidja264,2014,NA,Jean-Michel,-11.379,43.3346
A_digitata,Ngazidja265,2014,NA,Jean-Michel,-11.379,43.3346
A_digitata,Ngazidja266,2014,NA,Jean-Michel,-11.379,43.3346
A_digitata,Ngazidja267,2014,NA,Jean-Michel,-11.379,43.3346
A_digitata,Ngazidja268,2014,NA,Jean-Michel,-11.379,43.3346
A_digitata,Ngazidja269,2014,NA,Jean-Michel,-11.3777,43.3346
A_digitata,Ngazidja27,2014,NA,Jean-Michel,-11.3842,43.3057
A_digitata,Ngazidja270,2014,NA,Jean-Michel,-11.3772,43.3346
A_digitata,Ngazidja271,2014,NA,Jean-Michel,-11.3803,43.3321
A_digitata,Ngazidja272,2014,NA,Jean-Michel,-11.5887,43.2764
A_digitata,Ngazidja273,2014,NA,Jean-Michel,-11.552,43.2743
A_digitata,Ngazidja274,2014,NA,Jean-Michel,-11.5507,43.2745
A_digitata,Ngazidja275,2014,NA,Jean-Michel,-11.5475,43.2757
A_digitata,Ngazidja276,2014,NA,Jean-Michel,-11.5454,43.2758
A_digitata,Ngazidja277,2014,NA,Jean-Michel,-11.5421,43.2766
A_digitata,Ngazidja278,2014,NA,Jean-Michel,-11.4895,43.2775
A_digitata,Ngazidja279,2014,NA,Jean-Michel,-11.4895,43.2775
A_digitata,Ngazidja28,2014,NA,Jean-Michel,-11.5664,43.2805
A_digitata,Ngazidja280,2014,NA,Jean-Michel,-11.4895,43.2775
A_digitata,Ngazidja281,2014,NA,Jean-Michel,-11.4889,43.2777
A_digitata,Ngazidja282,2014,NA,Jean-Michel,-11.4872,43.2791
A_digitata,Ngazidja283,2014,NA,Jean-Michel,-11.4871,43.279
A_digitata,Ngazidja284,2014,NA,Jean-Michel,-11.487,43.279
A_digitata,Ngazidja285,2014,NA,Jean-Michel,-11.4871,43.2794
A_digitata,Ngazidja286,2014,NA,Jean-Michel,-11.4863,43.2788
A_digitata,Ngazidja287,2014,NA,Jean-Michel,-11.486,43.2791
A_digitata,Ngazidja288,2014,NA,Jean-Michel,-11.4859,43.2803
A_digitata,Ngazidja289,2014,NA,Jean-Michel,-11.4868,43.2818
A_digitata,Ngazidja29,2014,NA,Jean-Michel,-11.3843,43.3067
A_digitata,Ngazidja290,2014,NA,Jean-Michel,-11.487,43.2818
A_digitata,Ngazidja291,2014,NA,Jean-Michel,-11.487,43.2818
A_digitata,Ngazidja292,2014,NA,Jean-Michel,-11.4866,43.2832
A_digitata,Ngazidja293,2014,NA,Jean-Michel,-11.4868,43.2833
A_digitata,Ngazidja294,2014,NA,Jean-Michel,-11.4874,43.284
A_digitata,Ngazidja295,2014,NA,Jean-Michel,-11.4877,43.2837
A_digitata,Ngazidja296,2014,NA,Jean-Michel,-11.4878,43.2837
A_digitata,Ngazidja297,2014,NA,Jean-Michel,-11.4875,43.2839
A_digitata,Ngazidja298,2014,NA,Jean-Michel,-11.4866,43.2844
A_digitata,Ngazidja299,2014,NA,Jean-Michel,-11.4862,43.2863
A_digitata,Ngazidja3,2014,NA,Jean-Michel,-11.5529,43.2799
A_digitata,Ngazidja30,2014,NA,Jean-Michel,-11.5657,43.2807
A_digitata,Ngazidja300,2014,NA,Jean-Michel,-11.4862,43.2863
A_digitata,Ngazidja301,2014,NA,Jean-Michel,-11.4879,43.2883
A_digitata,Ngazidja302,2014,NA,Jean-Michel,-11.4879,43.2883
A_digitata,Ngazidja303,2014,NA,Jean-Michel,-11.4879,43.2883
A_digitata,Ngazidja304,2014,NA,Jean-Michel,-11.4875,43.2873
A_digitata,Ngazidja305,2014,NA,Jean-Michel,-11.8527,43.3556
A_digitata,Ngazidja306,2014,NA,Jean-Michel,-11.8526,43.3596
A_digitata,Ngazidja307,2014,NA,Jean-Michel,-11.9013,43.5034
A_digitata,Ngazidja308,2014,NA,Jean-Michel,-11.903,43.4986
A_digitata,Ngazidja309,2014,NA,Jean-Michel,-11.9076,43.4992
A_digitata,Ngazidja31,2014,NA,Jean-Michel,-11.3833,43.3066
A_digitata,Ngazidja310,2014,NA,Jean-Michel,-11.9083,43.4991
A_digitata,Ngazidja311,2014,NA,Jean-Michel,-11.9083,43.4983
A_digitata,Ngazidja312,2014,NA,Jean-Michel,-11.9088,43.4969
A_digitata,Ngazidja313,2014,NA,Jean-Michel,-11.9085,43.4959
A_digitata,Ngazidja314,2014,NA,Jean-Michel,-11.9085,43.4959
A_digitata,Ngazidja315,2014,NA,Jean-Michel,-11.9105,43.4953
A_digitata,Ngazidja316,2014,NA,Jean-Michel,-11.9108,43.4936
A_digitata,Ngazidja317,2014,NA,Jean-Michel,-11.9085,43.4927
A_digitata,Ngazidja318,2014,NA,Jean-Michel,-11.9092,43.4916
A_digitata,Ngazidja319,2014,NA,Jean-Michel,-11.9094,43.4906
A_digitata,Ngazidja32,2014,NA,Jean-Michel,-11.5658,43.2813
A_digitata,Ngazidja320,2014,NA,Jean-Michel,-11.9083,43.4902
A_digitata,Ngazidja321,2014,NA,Jean-Michel,-11.9072,43.4891
A_digitata,Ngazidja322,2014,NA,Jean-Michel,-11.9057,43.4888
A_digitata,Ngazidja323,2014,NA,Jean-Michel,-11.9048,43.4881
A_digitata,Ngazidja324,2014,NA,Jean-Michel,-11.9042,43.4863
A_digitata,Ngazidja325,2014,NA,Jean-Michel,-11.9056,43.4855
A_digitata,Ngazidja326,2014,NA,Jean-Michel,-11.9103,43.4841
A_digitata,Ngazidja327,2014,NA,Jean-Michel,-11.9103,43.4841
A_digitata,Ngazidja328,2014,NA,Jean-Michel,-11.9103,43.4841
A_digitata,Ngazidja329,2014,NA,Jean-Michel,-11.9121,43.4834
A_digitata,Ngazidja33,2014,NA,Jean-Michel,-11.3824,43.3073
A_digitata,Ngazidja330,2014,NA,Jean-Michel,-11.9121,43.4834
A_digitata,Ngazidja331,2014,NA,Jean-Michel,-11.9151,43.4869
A_digitata,Ngazidja332,2014,NA,Jean-Michel,-11.9162,43.4879
A_digitata,Ngazidja333,2014,NA,Jean-Michel,-11.9175,43.4677
A_digitata,Ngazidja334,2014,NA,Jean-Michel,-11.9167,43.4659
A_digitata,Ngazidja335,2014,NA,Jean-Michel,-11.9159,43.4647
A_digitata,Ngazidja336,2014,NA,Jean-Michel,-11.9123,43.4553
A_digitata,Ngazidja337,2014,NA,Jean-Michel,-11.9047,43.424
A_digitata,Ngazidja338,2014,NA,Jean-Michel,-11.8814,43.3958
A_digitata,Ngazidja339,2014,NA,Jean-Michel,-11.4656,43.274
A_digitata,Ngazidja34,2014,NA,Jean-Michel,-11.5653,43.2813
A_digitata,Ngazidja340,2014,NA,Jean-Michel,-11.4622,43.2743
A_digitata,Ngazidja341,2014,NA,Jean-Michel,-11.4605,43.2747
A_digitata,Ngazidja342,2014,NA,Jean-Michel,-11.4124,43.2773
A_digitata,Ngazidja343,2014,NA,Jean-Michel,-11.4116,43.2772
A_digitata,Ngazidja344,2014,NA,Jean-Michel,-11.4022,43.2781
A_digitata,Ngazidja345,2014,NA,Jean-Michel,-11.3952,43.2829
A_digitata,Ngazidja346,2014,NA,Jean-Michel,-11.3847,43.2983
A_digitata,Ngazidja347,2014,NA,Jean-Michel,-11.3843,43.305
A_digitata,Ngazidja348,2014,NA,Jean-Michel,-11.3843,43.3055
A_digitata,Ngazidja349,2014,NA,Jean-Michel,-11.3843,43.3055
A_digitata,Ngazidja35,2014,NA,Jean-Michel,-11.3829,43.3078
A_digitata,Ngazidja350,2014,NA,Jean-Michel,-11.3844,43.3067
A_digitata,Ngazidja351,2014,NA,Jean-Michel,-11.3845,43.3074
A_digitata,Ngazidja352,2014,NA,Jean-Michel,-11.3847,43.3079
A_digitata,Ngazidja353,2014,NA,Jean-Michel,-11.3845,43.3135
A_digitata,Ngazidja354,2014,NA,Jean-Michel,-11.3841,43.315
A_digitata,Ngazidja355,2014,NA,Jean-Michel,-11.3812,43.3252
A_digitata,Ngazidja356,2014,NA,Jean-Michel,-11.3814,43.3269
A_digitata,Ngazidja357,2014,NA,Jean-Michel,-11.3799,43.3319
A_digitata,Ngazidja358,2014,NA,Jean-Michel,-11.3794,43.3338
A_digitata,Ngazidja359,2014,NA,Jean-Michel,-11.3777,43.3379
A_digitata,Ngazidja36,2014,NA,Jean-Michel,-11.5653,43.2813
A_digitata,Ngazidja360,2014,NA,Jean-Michel,-11.3769,43.3397
A_digitata,Ngazidja361,2014,NA,Jean-Michel,-11.3741,43.3472
A_digitata,Ngazidja362,2014,NA,Jean-Michel,-11.3744,43.35
A_digitata,Ngazidja363,2014,NA,Jean-Michel,-11.3745,43.3544
A_digitata,Ngazidja364,2014,NA,Jean-Michel,-11.3744,43.3555
A_digitata,Ngazidja365,2014,NA,Jean-Michel,-11.3744,43.3566
A_digitata,Ngazidja366,2014,NA,Jean-Michel,-11.3743,43.3572
A_digitata,Ngazidja367,2014,NA,Jean-Michel,-11.3743,43.3576
A_digitata,Ngazidja368,2014,NA,Jean-Michel,-11.3731,43.3591
A_digitata,Ngazidja369,2014,NA,Jean-Michel,-11.3722,43.3601
A_digitata,Ngazidja37,2014,NA,Jean-Michel,-11.3816,43.3141
A_digitata,Ngazidja370,2014,NA,Jean-Michel,-11.3722,43.3601
A_digitata,Ngazidja371,2014,NA,Jean-Michel,-11.3729,43.3636
A_digitata,Ngazidja372,2014,NA,Jean-Michel,-11.3734,43.3649
A_digitata,Ngazidja373,2014,NA,Jean-Michel,-11.4357,43.4156
A_digitata,Ngazidja374,2014,NA,Jean-Michel,-11.436,43.4154
A_digitata,Ngazidja375,2014,NA,Jean-Michel,-11.4346,43.4126
A_digitata,Ngazidja376,2014,NA,Jean-Michel,-11.4341,43.4127
A_digitata,Ngazidja377,2014,NA,Jean-Michel,-11.4341,43.4127
A_digitata,Ngazidja378,2014,NA,Jean-Michel,-11.4341,43.4127
A_digitata,Ngazidja379,2014,NA,Jean-Michel,-11.4324,43.4123
A_digitata,Ngazidja38,2014,NA,Jean-Michel,-11.5653,43.2813
A_digitata,Ngazidja380,2014,NA,Jean-Michel,-11.4303,43.4106
A_digitata,Ngazidja381,2014,NA,Jean-Michel,-11.4294,43.4117
A_digitata,Ngazidja382,2014,NA,Jean-Michel,-11.4292,43.4111
A_digitata,Ngazidja383,2014,NA,Jean-Michel,-11.4292,43.4111
A_digitata,Ngazidja384,2014,NA,Jean-Michel,-11.4293,43.4072
A_digitata,Ngazidja385,2014,NA,Jean-Michel,-11.4294,43.4067
A_digitata,Ngazidja386,2014,NA,Jean-Michel,-11.4292,43.4042
A_digitata,Ngazidja387,2014,NA,Jean-Michel,-11.4279,43.4004
A_digitata,Ngazidja388,2014,NA,Jean-Michel,-11.4267,43.3964
A_digitata,Ngazidja389,2014,NA,Jean-Michel,-11.4185,43.4112
A_digitata,Ngazidja39,2014,NA,Jean-Michel,-11.3817,43.3141
A_digitata,Ngazidja390,2014,NA,Jean-Michel,-11.415,43.4024
A_digitata,Ngazidja391,2014,NA,Jean-Michel,-11.4113,43.401
A_digitata,Ngazidja392,2014,NA,Jean-Michel,-11.4086,43.4003
A_digitata,Ngazidja393,2014,NA,Jean-Michel,-11.4053,43.3993
A_digitata,Ngazidja394,2014,NA,Jean-Michel,-11.3922,43.3947
A_digitata,Ngazidja395,2014,NA,Jean-Michel,-11.3885,43.3971
A_digitata,Ngazidja396,2014,NA,Jean-Michel,-11.393,43.3982
A_digitata,Ngazidja397,2014,NA,Jean-Michel,-11.6413,43.3948
A_digitata,Ngazidja398,2014,NA,Jean-Michel,-11.6459,43.3949
A_digitata,Ngazidja399,2014,NA,Jean-Michel,-11.649,43.3959
A_digitata,Ngazidja4,2014,NA,Jean-Michel,-11.3831,43.319
A_digitata,Ngazidja40,2014,NA,Jean-Michel,-11.5653,43.2816
A_digitata,Ngazidja400,2014,NA,Jean-Michel,-11.649,43.3959
A_digitata,Ngazidja401,2014,NA,Jean-Michel,-11.6733,43.413
A_digitata,Ngazidja402,2014,NA,Jean-Michel,-11.6736,43.4138
A_digitata,Ngazidja403,2014,NA,Jean-Michel,-11.674,43.4142
A_digitata,Ngazidja404,2014,NA,Jean-Michel,-11.6813,43.4134
A_digitata,Ngazidja405,2014,NA,Jean-Michel,-11.8952,43.5035
A_digitata,Ngazidja406,2014,NA,Jean-Michel,-11.8952,43.5035
A_digitata,Ngazidja407,2014,NA,Jean-Michel,-11.8845,43.5037
A_digitata,Ngazidja408,2014,NA,Jean-Michel,-11.8836,43.5035
A_digitata,Ngazidja409,2014,NA,Jean-Michel,-11.8821,43.5035
A_digitata,Ngazidja41,2014,NA,Jean-Michel,-11.3817,43.3141
A_digitata,Ngazidja410,2014,NA,Jean-Michel,-11.8814,43.5029
A_digitata,Ngazidja411,2014,NA,Jean-Michel,-11.8805,43.5025
A_digitata,Ngazidja412,2014,NA,Jean-Michel,-11.8782,43.5018
A_digitata,Ngazidja413,2014,NA,Jean-Michel,-11.8767,43.5012
A_digitata,Ngazidja414,2014,NA,Jean-Michel,-11.8757,43.5005
A_digitata,Ngazidja415,2014,NA,Jean-Michel,-11.8741,43.4992
A_digitata,Ngazidja416,2014,NA,Jean-Michel,-11.8554,43.484
A_digitata,Ngazidja417,2014,NA,Jean-Michel,-11.8538,43.4823
A_digitata,Ngazidja418,2014,NA,Jean-Michel,-11.8502,43.4757
A_digitata,Ngazidja419,2014,NA,Jean-Michel,-11.8096,43.4516
A_digitata,Ngazidja42,2014,NA,Jean-Michel,-11.5655,43.282
A_digitata,Ngazidja420,2014,NA,Jean-Michel,-11.7913,43.4505
A_digitata,Ngazidja421,2014,NA,Jean-Michel,-11.7872,43.4527
A_digitata,Ngazidja422,2014,NA,Jean-Michel,-11.783,43.4528
A_digitata,Ngazidja423,2014,NA,Jean-Michel,-11.7823,43.4532
A_digitata,Ngazidja424,2014,NA,Jean-Michel,-11.7801,43.454
A_digitata,Ngazidja425,2014,NA,Jean-Michel,-11.7792,43.4541
A_digitata,Ngazidja426,2014,NA,Jean-Michel,-11.7769,43.454
A_digitata,Ngazidja427,2014,NA,Jean-Michel,-11.7757,43.4539
A_digitata,Ngazidja428,2014,NA,Jean-Michel,-11.7757,43.4539
A_digitata,Ngazidja429,2014,NA,Jean-Michel,-11.7757,43.4539
A_digitata,Ngazidja43,2014,NA,Jean-Michel,-11.38,43.3152
A_digitata,Ngazidja430,2014,NA,Jean-Michel,-11.7737,43.4541
A_digitata,Ngazidja431,2014,NA,Jean-Michel,-11.7646,43.4522
A_digitata,Ngazidja432,2014,NA,Jean-Michel,-11.7628,43.4519
A_digitata,Ngazidja433,2014,NA,Jean-Michel,-11.7582,43.4456
A_digitata,Ngazidja434,2014,NA,Jean-Michel,-11.7581,43.4465
A_digitata,Ngazidja435,2014,NA,Jean-Michel,-11.8757,43.4047
A_digitata,Ngazidja436,2014,NA,Jean-Michel,-11.8791,43.42
A_digitata,Ngazidja437,2014,NA,Jean-Michel,-11.7922,43.45
A_digitata,Ngazidja438,2014,NA,Jean-Michel,-11.7918,43.4502
A_digitata,Ngazidja439,2014,NA,Jean-Michel,-11.7575,43.4513
A_digitata,Ngazidja44,2014,NA,Jean-Michel,-11.5653,43.2822
A_digitata,Ngazidja440,2014,NA,Jean-Michel,-11.7581,43.4516
A_digitata,Ngazidja441,2014,NA,Jean-Michel,-11.7581,43.4518
A_digitata,Ngazidja442,2014,NA,Jean-Michel,-11.7077,43.4325
A_digitata,Ngazidja443,2014,NA,Jean-Michel,-11.7077,43.4327
A_digitata,Ngazidja444,2014,NA,Jean-Michel,-11.7076,43.4326
A_digitata,Ngazidja445,2014,NA,Jean-Michel,-11.7075,43.4325
A_digitata,Ngazidja446,2014,NA,Jean-Michel,-11.7005,43.4307
A_digitata,Ngazidja447,2014,NA,Jean-Michel,-11.6091,43.3906
A_digitata,Ngazidja448,2014,NA,Jean-Michel,-11.6755,43.2658
A_digitata,Ngazidja449,2014,NA,Jean-Michel,-11.497,43.3985
A_digitata,Ngazidja45,2014,NA,Jean-Michel,-11.3799,43.3152
A_digitata,Ngazidja46,2014,NA,Jean-Michel,-11.5653,43.2822
A_digitata,Ngazidja47,2014,NA,Jean-Michel,-11.3797,43.3151
A_digitata,Ngazidja48,2014,NA,Jean-Michel,-11.5653,43.2822
A_digitata,Ngazidja49,2014,NA,Jean-Michel,-11.3793,43.3151
A_digitata,Ngazidja5,2014,NA,Jean-Michel,-11.5533,43.2806
A_digitata,Ngazidja50,2014,NA,Jean-Michel,-11.5653,43.2822
A_digitata,Ngazidja51,2014,NA,Jean-Michel,-11.3792,43.3152
A_digitata,Ngazidja52,2014,NA,Jean-Michel,-11.5512,43.282
A_digitata,Ngazidja53,2014,NA,Jean-Michel,-11.3842,43.3153
A_digitata,Ngazidja54,2014,NA,Jean-Michel,-11.5512,43.282
A_digitata,Ngazidja55,2014,NA,Jean-Michel,-11.3845,43.3143
A_digitata,Ngazidja56,2014,NA,Jean-Michel,-11.5512,43.282
A_digitata,Ngazidja57,2014,NA,Jean-Michel,-11.5529,43.2826
A_digitata,Ngazidja58,2014,NA,Jean-Michel,-11.5529,43.2826
A_digitata,Ngazidja59,2014,NA,Jean-Michel,-11.913,43.4612
A_digitata,Ngazidja6,2014,NA,Jean-Michel,-11.5532,43.2805
A_digitata,Ngazidja60,2014,NA,Jean-Michel,-11.9127,43.4609
A_digitata,Ngazidja61,2014,NA,Jean-Michel,-11.9123,43.4613
A_digitata,Ngazidja62,2014,NA,Jean-Michel,-11.9122,43.4614
A_digitata,Ngazidja63,2014,NA,Jean-Michel,-11.912,43.4605
A_digitata,Ngazidja64,2014,NA,Jean-Michel,-11.912,43.4614
A_digitata,Ngazidja65,2014,NA,Jean-Michel,-11.9118,43.4621
A_digitata,Ngazidja66,2014,NA,Jean-Michel,-11.9126,43.4615
A_digitata,Ngazidja67,2014,NA,Jean-Michel,-11.9126,43.4615
A_digitata,Ngazidja68,2014,NA,Jean-Michel,-11.9133,43.4623
A_digitata,Ngazidja69,2014,NA,Jean-Michel,-11.9131,43.4627
A_digitata,Ngazidja7,2014,NA,Jean-Michel,-11.7356,43.2497
A_digitata,Ngazidja70,2014,NA,Jean-Michel,-11.9133,43.4627
A_digitata,Ngazidja71,2014,NA,Jean-Michel,-11.9139,43.4627
A_digitata,Ngazidja72,2014,NA,Jean-Michel,-11.9126,43.4634
A_digitata,Ngazidja73,2014,NA,Jean-Michel,-11.9131,43.4635
A_digitata,Ngazidja74,2014,NA,Jean-Michel,-11.9131,43.4635
A_digitata,Ngazidja75,2014,NA,Jean-Michel,-11.914,43.4631
A_digitata,Ngazidja76,2014,NA,Jean-Michel,-11.9141,43.4631
A_digitata,Ngazidja77,2014,NA,Jean-Michel,-11.9141,43.4631
A_digitata,Ngazidja78,2014,NA,Jean-Michel,-11.9146,43.4636
A_digitata,Ngazidja79,2014,NA,Jean-Michel,-11.9146,43.4636
A_digitata,Ngazidja8,2014,NA,Jean-Michel,-11.5532,43.2805
A_digitata,Ngazidja80,2014,NA,Jean-Michel,-11.9147,43.4636
A_digitata,Ngazidja81,2014,NA,Jean-Michel,-11.9147,43.4636
A_digitata,Ngazidja82,2014,NA,Jean-Michel,-11.9147,43.4636
A_digitata,Ngazidja83,2014,NA,Jean-Michel,-11.9146,43.4639
A_digitata,Ngazidja84,2014,NA,Jean-Michel,-11.9146,43.4639
A_digitata,Ngazidja85,2014,NA,Jean-Michel,-11.9145,43.4643
A_digitata,Ngazidja86,2014,NA,Jean-Michel,-11.9142,43.4645
A_digitata,Ngazidja87,2014,NA,Jean-Michel,-11.9142,43.4644
A_digitata,Ngazidja88,2014,NA,Jean-Michel,-11.9209,43.4781
A_digitata,Ngazidja89,2014,NA,Jean-Michel,-11.9142,43.4644
A_digitata,Ngazidja9,2014,NA,Jean-Michel,-11.7356,43.2497
A_digitata,Ngazidja90,2014,NA,Jean-Michel,-11.9218,43.4771
A_digitata,Ngazidja91,2014,NA,Jean-Michel,-11.9142,43.4644
A_digitata,Ngazidja92,2014,NA,Jean-Michel,-11.9142,43.4644
A_digitata,Ngazidja93,2014,NA,Jean-Michel,-11.9142,43.4644
A_digitata,Ngazidja94,2014,NA,Jean-Michel,-11.9142,43.4644
A_digitata,Ngazidja95,2014,NA,Jean-Michel,-11.8588,43.4886
A_digitata,Ngazidja96,2014,NA,Jean-Michel,-11.8552,43.484
A_digitata,Ngazidja97,2014,NA,Jean-Michel,-11.855,43.4932
A_digitata,Ngazidja98,2014,NA,Jean-Michel,-11.8553,43.4925
A_digitata,Ngazidja99,2014,NA,Jean-Michel,-11.8554,43.4926
